Id_producto,Nombre,Precio_unitario,iva
402923,Blue Jean,220718,0.19
451792,Chompa,398365,0.19
481004,Blue Jean,257962,0.19
365511,Pantalon,559567,0.19
230281,Pantalon,268166,0.19
385635,Pantalon,524042,0.19
424282,Blue Jean,455853,0.19
237819,Sudadera,332318,0.19
3013,Pantalon,397172,0.19
482298,Pantalon,277881,0.19
14636,Pantalon,214528,0.19
254327,Chompa,446425,0.19
213162,Chompa,375743,0.19
298001,Blue Jean,528471,0.19
345644,Sudadera,424435,0.19
253478,Pantalon,454564,0.19
164600,Blue Jean,202684,0.19
342085,Sudadera,277583,0.19
473525,Camisa,588234,0.19
328806,Pantalon,151956,0.19
32716,Blue Jean,158309,0.19
76749,Sudadera,307538,0.19
364149,Camisa,327241,0.19
410093,Camisa,264324,0.19
229374,Chompa,392509,0.19
52653,Pantalon,273352,0.19
462542,Sudadera,203168,0.19
358430,Blue Jean,179475,0.19
273735,Blue Jean,455172,0.19
17521,Blue Jean,365940,0.19
174167,Sudadera,534224,0.19
234643,Sudadera,300729,0.19
20932,Sudadera,161356,0.19
498162,Sudadera,562787,0.19
50442,Blue Jean,526717,0.19
462151,Blue Jean,232704,0.19
319148,Blue Jean,531740,0.19
395542,Chompa,321904,0.19
186685,Camisa,553816,0.19
43700,Camisa,346635,0.19
397645,Chompa,159736,0.19
57690,Chompa,192130,0.19
38191,Chompa,426412,0.19
142304,Chompa,243422,0.19
461744,Pantalon,241543,0.19
255497,Chompa,224239,0.19
460204,Pantalon,522403,0.19
57033,Pantalon,538678,0.19
145122,Pantalon,309403,0.19
150521,Camisa,583675,0.19
220242,Camisa,482033,0.19
191052,Blue Jean,202968,0.19
106860,Sudadera,337558,0.19
172732,Chompa,215093,0.19
273564,Blue Jean,243988,0.19
43462,Sudadera,391414,0.19
396416,Camisa,412150,0.19
65382,Blue Jean,493685,0.19
156893,Blue Jean,310649,0.19
21707,Blue Jean,522706,0.19
111629,Chompa,322847,0.19
202924,Blue Jean,523321,0.19
371115,Pantalon,392191,0.19
280459,Pantalon,378915,0.19
223265,Chompa,531694,0.19
312008,Camisa,599972,0.19
328584,Sudadera,268931,0.19
141690,Pantalon,521002,0.19
362227,Chompa,169559,0.19
46514,Blue Jean,421680,0.19
173687,Camisa,347968,0.19
133274,Camisa,400561,0.19
209783,Camisa,496478,0.19
65152,Pantalon,430510,0.19
293554,Camisa,220805,0.19
429506,Blue Jean,563151,0.19
152118,Chompa,394809,0.19
315944,Camisa,302047,0.19
228818,Blue Jean,337385,0.19
282193,Chompa,337839,0.19
347949,Chompa,289478,0.19
51015,Pantalon,322490,0.19
124861,Chompa,189854,0.19
108230,Pantalon,246623,0.19
12507,Sudadera,444874,0.19
28600,Pantalon,582803,0.19
308943,Camisa,302802,0.19
11153,Sudadera,389825,0.19
407535,Sudadera,339292,0.19
293573,Sudadera,155806,0.19
375250,Camisa,294813,0.19
240334,Sudadera,363973,0.19
288070,Blue Jean,444434,0.19
497894,Sudadera,309917,0.19
147996,Blue Jean,522857,0.19
83553,Chompa,562552,0.19
208183,Chompa,473504,0.19
163783,Pantalon,305981,0.19
286272,Blue Jean,352792,0.19
63610,Camisa,463600,0.19
402155,Blue Jean,559271,0.19
364347,Blue Jean,568471,0.19
117483,Chompa,150776,0.19
9174,Camisa,199573,0.19
82017,Pantalon,542173,0.19
232634,Pantalon,386624,0.19
265399,Camisa,209137,0.19
216020,Chompa,331928,0.19
233860,Chompa,572926,0.19
19395,Camisa,422867,0.19
64954,Blue Jean,438341,0.19
228846,Pantalon,211405,0.19
422332,Blue Jean,462635,0.19
411019,Camisa,380036,0.19
485109,Camisa,343128,0.19
165057,Sudadera,370854,0.19
195577,Pantalon,455200,0.19
283684,Sudadera,434834,0.19
183200,Camisa,510746,0.19
279520,Blue Jean,289476,0.19
33860,Chompa,553321,0.19
212872,Chompa,305442,0.19
2744,Blue Jean,259429,0.19
466968,Pantalon,196793,0.19
79299,Sudadera,356072,0.19
52021,Sudadera,584851,0.19
473004,Chompa,399520,0.19
405398,Camisa,362025,0.19
128001,Blue Jean,209652,0.19
217589,Chompa,204936,0.19
368499,Pantalon,415527,0.19
294109,Chompa,437518,0.19
1167,Chompa,501421,0.19
155997,Sudadera,266511,0.19
135127,Chompa,301876,0.19
190420,Sudadera,485042,0.19
66213,Pantalon,352994,0.19
50592,Blue Jean,305663,0.19
22290,Pantalon,373549,0.19
312774,Chompa,412998,0.19
482829,Sudadera,362333,0.19
367207,Blue Jean,504856,0.19
402645,Sudadera,433493,0.19
410286,Blue Jean,575594,0.19
325040,Chompa,339515,0.19
204139,Pantalon,170506,0.19
314357,Blue Jean,399112,0.19
156882,Camisa,227561,0.19
260891,Camisa,203980,0.19
115624,Chompa,417616,0.19
351402,Sudadera,162635,0.19
75242,Camisa,303055,0.19
103569,Blue Jean,292117,0.19
440992,Blue Jean,357409,0.19
293691,Blue Jean,393577,0.19
41662,Chompa,306533,0.19
384365,Chompa,503144,0.19
82807,Camisa,586967,0.19
410290,Pantalon,438022,0.19
389607,Chompa,299968,0.19
8497,Camisa,463209,0.19
114818,Pantalon,467774,0.19
155388,Camisa,528388,0.19
76183,Camisa,548461,0.19
433440,Pantalon,404568,0.19
390572,Blue Jean,169488,0.19
389511,Chompa,225572,0.19
439925,Blue Jean,186419,0.19
212959,Camisa,272531,0.19
338834,Pantalon,152541,0.19
190330,Pantalon,340972,0.19
69295,Blue Jean,505707,0.19
186258,Sudadera,513541,0.19
151409,Blue Jean,218634,0.19
31125,Pantalon,561425,0.19
40926,Camisa,574656,0.19
480404,Camisa,567454,0.19
289491,Camisa,264246,0.19
281290,Pantalon,431946,0.19
111860,Pantalon,168914,0.19
196844,Pantalon,332781,0.19
321508,Blue Jean,418464,0.19
61462,Chompa,441997,0.19
283147,Blue Jean,484940,0.19
55076,Sudadera,287422,0.19
110831,Camisa,154620,0.19
405081,Pantalon,323018,0.19
27363,Camisa,184325,0.19
348985,Sudadera,592793,0.19
490709,Blue Jean,574912,0.19
28807,Camisa,414945,0.19
368826,Sudadera,219877,0.19
476475,Blue Jean,458785,0.19
229190,Pantalon,264098,0.19
211348,Pantalon,409429,0.19
491995,Sudadera,446153,0.19
185750,Camisa,542116,0.19
68387,Blue Jean,352501,0.19
340664,Sudadera,156812,0.19
172284,Blue Jean,191344,0.19
228227,Pantalon,571479,0.19
129507,Blue Jean,314995,0.19
474842,Pantalon,194935,0.19
28319,Sudadera,559194,0.19
470349,Sudadera,455960,0.19
382389,Chompa,472176,0.19
295274,Pantalon,362762,0.19
43642,Camisa,288271,0.19
32120,Blue Jean,436067,0.19
376783,Blue Jean,567612,0.19
75429,Blue Jean,237798,0.19
108053,Blue Jean,335645,0.19
258366,Blue Jean,441876,0.19
451644,Sudadera,413828,0.19
93889,Sudadera,416405,0.19
46612,Pantalon,283507,0.19
226213,Camisa,235541,0.19
424217,Chompa,458559,0.19
49024,Blue Jean,264777,0.19
163299,Blue Jean,447667,0.19
86785,Blue Jean,187567,0.19
215100,Pantalon,269921,0.19
56526,Pantalon,239200,0.19
494302,Pantalon,534785,0.19
468348,Chompa,538639,0.19
490326,Pantalon,253057,0.19
489307,Chompa,529448,0.19
26098,Blue Jean,225552,0.19
153790,Pantalon,557758,0.19
481810,Blue Jean,540632,0.19
287664,Pantalon,193732,0.19
18246,Sudadera,387045,0.19
233715,Blue Jean,441723,0.19
340782,Camisa,585532,0.19
307643,Blue Jean,416259,0.19
405303,Pantalon,595467,0.19
67466,Camisa,392056,0.19
494846,Sudadera,552392,0.19
351078,Blue Jean,329473,0.19
393376,Camisa,538407,0.19
318274,Chompa,424451,0.19
490608,Chompa,406825,0.19
494382,Sudadera,558752,0.19
215458,Pantalon,414106,0.19
466257,Sudadera,190302,0.19
128425,Chompa,268603,0.19
473533,Sudadera,382706,0.19
282010,Sudadera,164806,0.19
301922,Pantalon,527822,0.19
90816,Blue Jean,555313,0.19
92481,Pantalon,173345,0.19
38782,Camisa,307714,0.19
457866,Blue Jean,518837,0.19
447853,Blue Jean,411381,0.19
308716,Camisa,271311,0.19
253929,Pantalon,151512,0.19
60472,Blue Jean,432722,0.19
408741,Blue Jean,303255,0.19
26924,Pantalon,151732,0.19
472878,Camisa,269233,0.19
110330,Pantalon,528454,0.19
376808,Chompa,340370,0.19
35635,Pantalon,270261,0.19
378284,Chompa,283120,0.19
334288,Blue Jean,158822,0.19
45986,Sudadera,365001,0.19
471528,Pantalon,291729,0.19
448805,Camisa,488720,0.19
171297,Camisa,428008,0.19
192304,Chompa,334383,0.19
246960,Blue Jean,386364,0.19
80129,Pantalon,166289,0.19
435036,Sudadera,238174,0.19
496620,Sudadera,196675,0.19
267956,Sudadera,539721,0.19
170612,Sudadera,531586,0.19
301624,Pantalon,303546,0.19
288006,Sudadera,250506,0.19
481695,Chompa,413898,0.19
436459,Blue Jean,279365,0.19
176202,Sudadera,480906,0.19
123519,Chompa,316180,0.19
205272,Sudadera,406044,0.19
204047,Chompa,465210,0.19
372338,Sudadera,459801,0.19
379815,Pantalon,530372,0.19
290691,Pantalon,371373,0.19
18563,Pantalon,584613,0.19
264856,Chompa,296523,0.19
128767,Camisa,313346,0.19
207177,Blue Jean,353056,0.19
460600,Pantalon,197293,0.19
360035,Chompa,191283,0.19
229469,Sudadera,251758,0.19
263861,Pantalon,551469,0.19
115221,Pantalon,258241,0.19
34137,Sudadera,574943,0.19
302086,Blue Jean,178786,0.19
4536,Camisa,298054,0.19
461325,Blue Jean,556763,0.19
478429,Camisa,158037,0.19
147868,Sudadera,172365,0.19
247450,Sudadera,191465,0.19
148913,Camisa,270669,0.19
263176,Chompa,270212,0.19
370253,Chompa,175333,0.19
258961,Camisa,431769,0.19
324619,Blue Jean,163280,0.19
190261,Sudadera,599516,0.19
261504,Camisa,540250,0.19
408881,Sudadera,278686,0.19
268315,Pantalon,361639,0.19
384466,Camisa,557187,0.19
371611,Chompa,167718,0.19
137680,Pantalon,361651,0.19
135950,Pantalon,244119,0.19
233263,Sudadera,418816,0.19
495529,Pantalon,474602,0.19
376523,Camisa,241880,0.19
143082,Chompa,150135,0.19
406121,Pantalon,571822,0.19
248824,Sudadera,580400,0.19
262424,Pantalon,207902,0.19
32238,Chompa,169936,0.19
229630,Sudadera,551574,0.19
415877,Camisa,578886,0.19
174842,Sudadera,159743,0.19
446560,Pantalon,248235,0.19
361660,Blue Jean,260826,0.19
51363,Camisa,208018,0.19
224095,Sudadera,235608,0.19
386661,Blue Jean,378639,0.19
347291,Sudadera,388875,0.19
200364,Blue Jean,573930,0.19
462323,Camisa,554493,0.19
315086,Sudadera,446976,0.19
31165,Camisa,398640,0.19
492104,Blue Jean,324663,0.19
283326,Pantalon,331304,0.19
457621,Chompa,250390,0.19
148721,Blue Jean,390995,0.19
406321,Sudadera,500624,0.19
372555,Chompa,445130,0.19
10683,Sudadera,456194,0.19
429821,Camisa,281867,0.19
423114,Pantalon,173917,0.19
318459,Camisa,318459,0.19
419331,Chompa,350897,0.19
309063,Sudadera,157850,0.19
193512,Blue Jean,304598,0.19
182579,Camisa,409153,0.19
308675,Camisa,582301,0.19
144842,Blue Jean,188533,0.19
38955,Pantalon,433945,0.19
234419,Chompa,468529,0.19
135673,Pantalon,202809,0.19
35009,Chompa,575170,0.19
116857,Blue Jean,188809,0.19
358999,Chompa,489547,0.19
355261,Sudadera,592702,0.19
291687,Chompa,212958,0.19
232959,Blue Jean,335653,0.19
375800,Chompa,233886,0.19
47283,Pantalon,453020,0.19
202655,Camisa,242729,0.19
388950,Blue Jean,339312,0.19
462967,Camisa,315078,0.19
321570,Chompa,352802,0.19
385122,Blue Jean,307027,0.19
317108,Blue Jean,297210,0.19
207108,Pantalon,521920,0.19
107915,Chompa,526998,0.19
168107,Blue Jean,183818,0.19
62812,Pantalon,409554,0.19
117352,Chompa,329630,0.19
445340,Pantalon,466823,0.19
322871,Sudadera,240215,0.19
102724,Sudadera,334697,0.19
151949,Sudadera,265907,0.19
292088,Sudadera,578332,0.19
429996,Camisa,292046,0.19
283456,Chompa,593620,0.19
260793,Pantalon,430173,0.19
793,Chompa,422748,0.19
116879,Chompa,572971,0.19
246457,Blue Jean,325292,0.19
480566,Pantalon,419854,0.19
56187,Pantalon,258054,0.19
83241,Camisa,217846,0.19
109552,Blue Jean,236741,0.19
116685,Camisa,297636,0.19
46147,Pantalon,220579,0.19
294587,Chompa,501739,0.19
445756,Camisa,357157,0.19
97275,Camisa,485188,0.19
457339,Chompa,262808,0.19
119427,Blue Jean,493313,0.19
480437,Chompa,508574,0.19
30793,Chompa,263963,0.19
408041,Sudadera,374117,0.19
117330,Pantalon,474157,0.19
255227,Camisa,178217,0.19
242361,Chompa,518866,0.19
204573,Blue Jean,475922,0.19
294189,Pantalon,160691,0.19
210918,Camisa,369713,0.19
491640,Camisa,558092,0.19
196641,Blue Jean,384452,0.19
155692,Camisa,493529,0.19
292424,Sudadera,227300,0.19
421733,Chompa,573061,0.19
54050,Sudadera,543620,0.19
137866,Sudadera,591231,0.19
429237,Blue Jean,477739,0.19
124019,Pantalon,541289,0.19
135837,Pantalon,234180,0.19
219980,Camisa,593653,0.19
152422,Sudadera,196982,0.19
213676,Chompa,494909,0.19
89785,Pantalon,185036,0.19
493443,Blue Jean,502706,0.19
226107,Blue Jean,369823,0.19
45841,Camisa,328871,0.19
284365,Camisa,383270,0.19
42181,Sudadera,452893,0.19
139862,Pantalon,436755,0.19
383620,Sudadera,316540,0.19
469581,Camisa,361585,0.19
451258,Chompa,314307,0.19
19579,Pantalon,296703,0.19
393678,Blue Jean,353022,0.19
497154,Sudadera,283533,0.19
431359,Pantalon,439469,0.19
488325,Pantalon,167207,0.19
261782,Camisa,265103,0.19
257609,Blue Jean,389774,0.19
212331,Blue Jean,196013,0.19
430516,Sudadera,542457,0.19
161520,Camisa,592383,0.19
140406,Camisa,433635,0.19
281396,Pantalon,174161,0.19
8089,Chompa,241405,0.19
369381,Camisa,375274,0.19
9362,Camisa,401535,0.19
330369,Blue Jean,269449,0.19
189562,Camisa,424965,0.19
293742,Blue Jean,497629,0.19
433894,Blue Jean,218063,0.19
255206,Chompa,519228,0.19
195306,Chompa,246847,0.19
403363,Pantalon,189799,0.19
54595,Pantalon,372389,0.19
216755,Chompa,529885,0.19
136069,Camisa,272629,0.19
214589,Pantalon,543433,0.19
20669,Camisa,454892,0.19
53987,Sudadera,255755,0.19
96707,Sudadera,267471,0.19
382345,Blue Jean,415136,0.19
201418,Camisa,508414,0.19
150696,Pantalon,497911,0.19
396801,Camisa,334342,0.19
446730,Chompa,460981,0.19
133146,Chompa,524010,0.19
259813,Sudadera,288212,0.19
391,Sudadera,421967,0.19
399631,Blue Jean,428893,0.19
263402,Blue Jean,483285,0.19
419453,Camisa,381457,0.19
155924,Sudadera,566414,0.19
430408,Chompa,280966,0.19
134560,Pantalon,562999,0.19
471522,Sudadera,550001,0.19
100248,Chompa,484671,0.19
198175,Pantalon,558834,0.19
469128,Sudadera,375091,0.19
309226,Pantalon,337053,0.19
329971,Sudadera,505541,0.19
50332,Blue Jean,262209,0.19
93259,Sudadera,327096,0.19
168623,Pantalon,505986,0.19
12750,Blue Jean,428666,0.19
186330,Blue Jean,217871,0.19
420799,Sudadera,565453,0.19
43337,Pantalon,502348,0.19
209920,Chompa,597968,0.19
94183,Camisa,150184,0.19
113276,Chompa,385514,0.19
427243,Pantalon,392886,0.19
2211,Sudadera,343535,0.19
493282,Chompa,316217,0.19
126681,Chompa,187270,0.19
7944,Chompa,227601,0.19
436475,Camisa,585512,0.19
65470,Pantalon,167277,0.19
14392,Pantalon,299022,0.19
481834,Chompa,347587,0.19
157152,Camisa,281764,0.19
308707,Pantalon,525988,0.19
469704,Sudadera,597563,0.19
380224,Chompa,371033,0.19
43894,Pantalon,222773,0.19
395830,Pantalon,459160,0.19
348255,Sudadera,452374,0.19
125933,Chompa,227136,0.19
288365,Pantalon,506709,0.19
487635,Sudadera,378957,0.19
262228,Chompa,553096,0.19
311003,Blue Jean,515030,0.19
116438,Blue Jean,218261,0.19
462861,Sudadera,267654,0.19
2357,Camisa,594357,0.19
356503,Blue Jean,368217,0.19
3700,Blue Jean,174059,0.19
42898,Blue Jean,416281,0.19
118208,Camisa,460763,0.19
463946,Pantalon,474313,0.19
274194,Blue Jean,160374,0.19
101240,Sudadera,180448,0.19
178834,Camisa,212976,0.19
378645,Blue Jean,159678,0.19
242142,Camisa,598174,0.19
454875,Sudadera,252174,0.19
105007,Pantalon,504236,0.19
321863,Sudadera,595540,0.19
77667,Blue Jean,225242,0.19
431354,Blue Jean,281596,0.19
175740,Pantalon,301795,0.19
130801,Chompa,389196,0.19
436091,Pantalon,243626,0.19
51155,Pantalon,545199,0.19
47863,Sudadera,296975,0.19
351304,Blue Jean,467103,0.19
280050,Sudadera,523828,0.19
378277,Chompa,558944,0.19
404423,Sudadera,243745,0.19
405830,Blue Jean,171932,0.19
428142,Chompa,561033,0.19
218750,Blue Jean,271425,0.19
244879,Sudadera,476054,0.19
497730,Camisa,329780,0.19
365200,Camisa,528342,0.19
42999,Pantalon,191723,0.19
327889,Blue Jean,471769,0.19
1372,Chompa,581984,0.19
149032,Sudadera,203435,0.19
119740,Chompa,281200,0.19
346355,Chompa,590037,0.19
355989,Sudadera,460500,0.19
55735,Sudadera,577722,0.19
114399,Camisa,517476,0.19
446781,Camisa,191450,0.19
154306,Chompa,368544,0.19
274606,Pantalon,211281,0.19
347741,Sudadera,402263,0.19
336722,Chompa,240358,0.19
337512,Blue Jean,519943,0.19
159915,Pantalon,567678,0.19
323818,Camisa,244889,0.19
481385,Blue Jean,390741,0.19
20025,Camisa,288626,0.19
347632,Chompa,584990,0.19
119232,Pantalon,494933,0.19
163758,Pantalon,343338,0.19
63620,Sudadera,532752,0.19
64692,Chompa,537172,0.19
497381,Camisa,355030,0.19
459260,Blue Jean,475816,0.19
145721,Chompa,447922,0.19
417061,Blue Jean,342772,0.19
244930,Camisa,281084,0.19
350040,Pantalon,312415,0.19
179615,Camisa,579104,0.19
225596,Chompa,314985,0.19
425794,Blue Jean,409880,0.19
142467,Blue Jean,515677,0.19
413028,Chompa,393698,0.19
104770,Sudadera,497723,0.19
407754,Camisa,247567,0.19
446410,Camisa,253649,0.19
494676,Pantalon,471142,0.19
183083,Sudadera,593139,0.19
226609,Camisa,384137,0.19
428117,Sudadera,176564,0.19
442856,Blue Jean,570548,0.19
460822,Pantalon,377457,0.19
344431,Pantalon,563120,0.19
498026,Sudadera,374740,0.19
38182,Sudadera,515329,0.19
415384,Chompa,407042,0.19
308042,Pantalon,366414,0.19
126545,Camisa,428497,0.19
107744,Camisa,268054,0.19
150391,Sudadera,356936,0.19
155424,Camisa,172342,0.19
419276,Pantalon,159619,0.19
429103,Camisa,424095,0.19
281031,Pantalon,496182,0.19
479825,Camisa,568414,0.19
299823,Chompa,578836,0.19
451067,Blue Jean,545536,0.19
305352,Pantalon,158401,0.19
123741,Camisa,487026,0.19
57949,Blue Jean,314652,0.19
172454,Blue Jean,245912,0.19
129297,Sudadera,472009,0.19
329532,Blue Jean,360946,0.19
437091,Camisa,490424,0.19
256208,Chompa,502111,0.19
321956,Sudadera,185692,0.19
194089,Blue Jean,348288,0.19
126462,Chompa,241713,0.19
9762,Camisa,256050,0.19
41988,Chompa,588355,0.19
257548,Pantalon,444780,0.19
464423,Chompa,512469,0.19
78408,Blue Jean,490190,0.19
254060,Blue Jean,455558,0.19
435198,Chompa,213908,0.19
85829,Pantalon,472891,0.19
152933,Blue Jean,151302,0.19
401039,Camisa,482170,0.19
241809,Chompa,451049,0.19
410769,Chompa,311567,0.19
121655,Pantalon,460299,0.19
250851,Blue Jean,354281,0.19
445469,Chompa,220245,0.19
364861,Blue Jean,484359,0.19
24594,Chompa,200860,0.19
180706,Camisa,539015,0.19
210512,Pantalon,350675,0.19
65305,Camisa,456473,0.19
357840,Blue Jean,365776,0.19
398183,Chompa,155529,0.19
408736,Chompa,345308,0.19
318817,Blue Jean,518254,0.19
235000,Camisa,558996,0.19
143409,Chompa,311632,0.19
339368,Sudadera,460207,0.19
132165,Sudadera,214045,0.19
91327,Pantalon,457547,0.19
270230,Camisa,289726,0.19
385649,Camisa,513784,0.19
24325,Chompa,421433,0.19
43385,Pantalon,532205,0.19
263124,Chompa,563373,0.19
225122,Sudadera,526692,0.19
52099,Blue Jean,337114,0.19
234716,Pantalon,354395,0.19
22933,Sudadera,399500,0.19
217086,Camisa,559558,0.19
194544,Pantalon,206757,0.19
112015,Camisa,171416,0.19
73788,Blue Jean,570629,0.19
332097,Blue Jean,495495,0.19
37349,Sudadera,315522,0.19
341546,Blue Jean,263298,0.19
495370,Camisa,202817,0.19
455138,Sudadera,195500,0.19
214326,Blue Jean,166610,0.19
440822,Blue Jean,552822,0.19
378807,Chompa,313224,0.19
354100,Camisa,579233,0.19
198783,Sudadera,431033,0.19
114873,Chompa,432718,0.19
42943,Blue Jean,457270,0.19
107896,Blue Jean,475519,0.19
192782,Pantalon,581003,0.19
135962,Chompa,228468,0.19
108594,Blue Jean,456088,0.19
297653,Sudadera,561353,0.19
289132,Pantalon,269450,0.19
129396,Sudadera,422170,0.19
275347,Blue Jean,313787,0.19
315265,Sudadera,208149,0.19
173072,Camisa,313895,0.19
147829,Chompa,349075,0.19
104698,Blue Jean,313905,0.19
117334,Blue Jean,317173,0.19
29193,Camisa,526873,0.19
221173,Pantalon,197748,0.19
192253,Blue Jean,525243,0.19
30729,Pantalon,217243,0.19
499064,Pantalon,177075,0.19
44271,Camisa,259233,0.19
333743,Camisa,467246,0.19
483273,Blue Jean,274435,0.19
323980,Chompa,544862,0.19
322551,Camisa,534221,0.19
283762,Chompa,407857,0.19
355055,Blue Jean,197853,0.19
459121,Pantalon,166220,0.19
77601,Pantalon,576890,0.19
397054,Chompa,185198,0.19
356636,Blue Jean,544906,0.19
73793,Pantalon,351489,0.19
167027,Pantalon,354875,0.19
60775,Sudadera,155610,0.19
157845,Blue Jean,431519,0.19
460989,Blue Jean,375346,0.19
355170,Sudadera,448495,0.19
477498,Blue Jean,587429,0.19
84516,Sudadera,248250,0.19
180548,Camisa,183890,0.19
489851,Camisa,325101,0.19
14626,Pantalon,402013,0.19
157299,Blue Jean,531803,0.19
331414,Camisa,359681,0.19
264621,Camisa,446430,0.19
270470,Camisa,332714,0.19
133234,Chompa,567002,0.19
388538,Pantalon,494818,0.19
319008,Pantalon,528685,0.19
385439,Blue Jean,530567,0.19
337635,Chompa,578902,0.19
321321,Blue Jean,449912,0.19
378783,Sudadera,478835,0.19
346106,Sudadera,177835,0.19
149813,Camisa,403296,0.19
32005,Chompa,532657,0.19
132663,Blue Jean,529007,0.19
73277,Blue Jean,509339,0.19
468906,Pantalon,292549,0.19
474759,Pantalon,593009,0.19
490568,Sudadera,314298,0.19
339139,Pantalon,344438,0.19
485461,Camisa,369618,0.19
2878,Pantalon,250448,0.19
168484,Camisa,478540,0.19
129924,Sudadera,591374,0.19
44956,Camisa,181992,0.19
105600,Chompa,563342,0.19
211497,Sudadera,520894,0.19
253102,Chompa,496708,0.19
321827,Pantalon,465928,0.19
63435,Pantalon,557741,0.19
190622,Camisa,285053,0.19
359545,Sudadera,331490,0.19
286043,Blue Jean,255238,0.19
236468,Chompa,389933,0.19
459512,Sudadera,514590,0.19
127995,Pantalon,563065,0.19
82069,Camisa,232072,0.19
42792,Sudadera,219400,0.19
137769,Chompa,207325,0.19
211150,Camisa,398561,0.19
293219,Pantalon,551527,0.19
492548,Sudadera,311396,0.19
297204,Blue Jean,245320,0.19
450955,Sudadera,487525,0.19
350637,Sudadera,319295,0.19
463015,Sudadera,387320,0.19
348187,Sudadera,488909,0.19
294910,Sudadera,462160,0.19
326045,Chompa,567359,0.19
417551,Pantalon,234524,0.19
459701,Chompa,527102,0.19
251905,Pantalon,420025,0.19
311703,Camisa,204769,0.19
449708,Blue Jean,457886,0.19
42255,Pantalon,591555,0.19
75988,Chompa,574773,0.19
89122,Sudadera,494013,0.19
486664,Camisa,421486,0.19
133121,Camisa,199114,0.19
161919,Camisa,235421,0.19
435064,Sudadera,573473,0.19
367831,Blue Jean,254978,0.19
396875,Pantalon,497417,0.19
21073,Chompa,309672,0.19
345004,Pantalon,421668,0.19
4795,Pantalon,441781,0.19
383883,Sudadera,170054,0.19
268172,Blue Jean,165408,0.19
215833,Pantalon,255406,0.19
438932,Blue Jean,217542,0.19
285076,Sudadera,381342,0.19
431386,Pantalon,225298,0.19
270729,Camisa,392322,0.19
145867,Camisa,412379,0.19
217851,Sudadera,268987,0.19
253923,Camisa,561451,0.19
90733,Pantalon,454535,0.19
338668,Chompa,350815,0.19
81580,Camisa,177996,0.19
335235,Chompa,391633,0.19
127713,Chompa,557404,0.19
30252,Blue Jean,332562,0.19
129655,Pantalon,316358,0.19
130804,Sudadera,400660,0.19
150220,Chompa,309356,0.19
8864,Chompa,254169,0.19
92403,Pantalon,154092,0.19
123197,Blue Jean,441429,0.19
16382,Camisa,320209,0.19
239528,Chompa,174334,0.19
384655,Chompa,487240,0.19
444437,Camisa,565150,0.19
411550,Pantalon,181347,0.19
333612,Sudadera,556862,0.19
243278,Sudadera,464980,0.19
252638,Sudadera,388690,0.19
180593,Chompa,370706,0.19
93856,Chompa,426064,0.19
9209,Camisa,437689,0.19
418669,Sudadera,386674,0.19
81143,Sudadera,560619,0.19
17774,Blue Jean,178321,0.19
469487,Chompa,352782,0.19
51830,Pantalon,228632,0.19
25325,Sudadera,233293,0.19
450316,Sudadera,389287,0.19
308942,Chompa,448041,0.19
153262,Pantalon,464877,0.19
127737,Blue Jean,548377,0.19
34201,Pantalon,509599,0.19
319259,Blue Jean,229202,0.19
130479,Sudadera,515347,0.19
284659,Camisa,294403,0.19
189726,Blue Jean,222704,0.19
314149,Chompa,407450,0.19
287083,Camisa,201521,0.19
329509,Pantalon,383719,0.19
391222,Sudadera,207964,0.19
344331,Chompa,507410,0.19
316256,Chompa,404859,0.19
398652,Blue Jean,240028,0.19
479882,Camisa,470986,0.19
173108,Blue Jean,319052,0.19
469544,Pantalon,407679,0.19
356667,Chompa,578234,0.19
232494,Camisa,427943,0.19
425527,Pantalon,221570,0.19
229638,Sudadera,331184,0.19
200958,Pantalon,586920,0.19
295481,Pantalon,449030,0.19
390089,Pantalon,263809,0.19
159757,Blue Jean,566267,0.19
473777,Camisa,165746,0.19
292415,Blue Jean,382245,0.19
387989,Pantalon,562324,0.19
116906,Pantalon,433690,0.19
373852,Chompa,449540,0.19
376895,Camisa,521530,0.19
403596,Pantalon,262904,0.19
295101,Camisa,229155,0.19
191583,Camisa,429431,0.19
62464,Blue Jean,461350,0.19
31732,Blue Jean,572313,0.19
258254,Pantalon,434674,0.19
433605,Pantalon,388779,0.19
307102,Pantalon,444185,0.19
240994,Chompa,562283,0.19
475782,Pantalon,403623,0.19
1609,Camisa,217206,0.19
13831,Pantalon,522354,0.19
107529,Chompa,349400,0.19
71105,Camisa,414820,0.19
428934,Chompa,214483,0.19
397424,Blue Jean,593832,0.19
430411,Blue Jean,482888,0.19
162231,Camisa,192118,0.19
391736,Camisa,382543,0.19
164317,Sudadera,441636,0.19
477981,Blue Jean,200164,0.19
297228,Blue Jean,360436,0.19
429107,Chompa,440652,0.19
421872,Sudadera,350146,0.19
322028,Pantalon,175716,0.19
101164,Chompa,531772,0.19
475464,Camisa,329235,0.19
348385,Chompa,543732,0.19
318504,Sudadera,278690,0.19
445471,Pantalon,229364,0.19
61953,Blue Jean,296459,0.19
475684,Sudadera,502138,0.19
123413,Camisa,458981,0.19
363448,Blue Jean,158727,0.19
39718,Camisa,442431,0.19
203858,Sudadera,500221,0.19
217787,Blue Jean,435681,0.19
24343,Chompa,538006,0.19
376578,Sudadera,494573,0.19
223381,Pantalon,487678,0.19
98956,Sudadera,511462,0.19
470287,Sudadera,414646,0.19
361080,Blue Jean,504520,0.19
47117,Blue Jean,457859,0.19
471882,Pantalon,482242,0.19
172002,Chompa,425997,0.19
464148,Camisa,228112,0.19
12120,Blue Jean,200406,0.19
97136,Chompa,287708,0.19
498808,Chompa,236063,0.19
269737,Camisa,228336,0.19
273595,Sudadera,218991,0.19
295037,Chompa,386012,0.19
91394,Pantalon,597766,0.19
137510,Sudadera,346099,0.19
324764,Camisa,222472,0.19
374865,Chompa,434740,0.19
38119,Camisa,351869,0.19
225254,Sudadera,384470,0.19
236090,Camisa,582307,0.19
57918,Sudadera,279772,0.19
481578,Pantalon,175111,0.19
84536,Chompa,504084,0.19
398131,Sudadera,396985,0.19
395503,Chompa,229705,0.19
258507,Camisa,418680,0.19
249062,Chompa,531614,0.19
94287,Camisa,463824,0.19
25204,Camisa,376931,0.19
441464,Camisa,268820,0.19
193540,Blue Jean,357675,0.19
91198,Chompa,391450,0.19
427303,Pantalon,178166,0.19
50086,Pantalon,215359,0.19
82023,Camisa,476287,0.19
312476,Chompa,598161,0.19
280453,Sudadera,164373,0.19
20917,Chompa,372941,0.19
233414,Blue Jean,209109,0.19
287245,Camisa,445326,0.19
102745,Pantalon,563180,0.19
268798,Chompa,382451,0.19
19364,Sudadera,344857,0.19
391811,Sudadera,435329,0.19
59151,Blue Jean,225273,0.19
80603,Pantalon,577535,0.19
429222,Chompa,172405,0.19
321085,Chompa,476199,0.19
105405,Pantalon,583667,0.19
113439,Pantalon,276313,0.19
97637,Pantalon,336880,0.19
250291,Blue Jean,265176,0.19
320375,Sudadera,334300,0.19
16239,Camisa,560843,0.19
386620,Blue Jean,506827,0.19
392359,Sudadera,354663,0.19
344397,Pantalon,420799,0.19
99139,Blue Jean,433103,0.19
256516,Camisa,403182,0.19
421381,Blue Jean,505904,0.19
499915,Sudadera,262485,0.19
166856,Sudadera,517941,0.19
281498,Camisa,329679,0.19
21362,Sudadera,229510,0.19
164555,Camisa,504239,0.19
303940,Blue Jean,457216,0.19
8327,Sudadera,370103,0.19
29222,Chompa,480128,0.19
112224,Chompa,552321,0.19
421055,Sudadera,475880,0.19
155487,Chompa,467628,0.19
20383,Chompa,525152,0.19
223901,Chompa,500000,0.19
69422,Pantalon,586978,0.19
13696,Pantalon,325291,0.19
223543,Sudadera,226482,0.19
424943,Camisa,245840,0.19
322385,Blue Jean,506669,0.19
260522,Pantalon,332721,0.19
250880,Chompa,156730,0.19
14305,Pantalon,351035,0.19
277671,Blue Jean,592392,0.19
486586,Chompa,533630,0.19
187572,Sudadera,566657,0.19
152441,Chompa,223530,0.19
45827,Pantalon,520308,0.19
286877,Camisa,175781,0.19
464965,Pantalon,199927,0.19
449718,Camisa,187010,0.19
301342,Pantalon,408143,0.19
344551,Chompa,251817,0.19
495944,Chompa,313915,0.19
46168,Blue Jean,195539,0.19
32891,Sudadera,410517,0.19
455659,Chompa,559817,0.19
291492,Camisa,332164,0.19
156686,Sudadera,267926,0.19
46354,Sudadera,450962,0.19
465485,Blue Jean,262200,0.19
92311,Sudadera,194928,0.19
164505,Blue Jean,296357,0.19
77137,Chompa,574352,0.19
249607,Blue Jean,309344,0.19
213200,Chompa,427262,0.19
205392,Blue Jean,568725,0.19
257793,Pantalon,593332,0.19
350727,Blue Jean,565116,0.19
6178,Pantalon,402180,0.19
386299,Blue Jean,347742,0.19
215462,Camisa,230889,0.19
101674,Chompa,492164,0.19
381730,Chompa,151461,0.19
137421,Pantalon,375100,0.19
279650,Pantalon,569002,0.19
264488,Blue Jean,506111,0.19
318643,Pantalon,411594,0.19
37544,Sudadera,448537,0.19
311453,Blue Jean,224055,0.19
441397,Camisa,317963,0.19
416409,Camisa,245139,0.19
433636,Chompa,428393,0.19
362492,Sudadera,347052,0.19
312948,Sudadera,318722,0.19
382017,Camisa,556212,0.19
477653,Camisa,532283,0.19
279843,Camisa,276542,0.19
377059,Chompa,493759,0.19
396293,Blue Jean,594557,0.19
472127,Camisa,542574,0.19
108991,Blue Jean,325887,0.19
142674,Chompa,563923,0.19
35277,Blue Jean,334656,0.19
176783,Sudadera,435262,0.19
97440,Sudadera,366267,0.19
80350,Sudadera,284288,0.19
462609,Chompa,170824,0.19
133204,Blue Jean,297631,0.19
438725,Sudadera,354245,0.19
344069,Pantalon,423408,0.19
335001,Pantalon,478673,0.19
228272,Camisa,448559,0.19
388697,Camisa,393545,0.19
239209,Sudadera,290863,0.19
344603,Blue Jean,157080,0.19
470555,Camisa,503205,0.19
284349,Blue Jean,160088,0.19
6199,Chompa,540023,0.19
99405,Sudadera,561018,0.19
129748,Pantalon,267669,0.19
496106,Camisa,549804,0.19
458745,Camisa,383755,0.19
334624,Chompa,399232,0.19
282938,Chompa,423495,0.19
174371,Camisa,503062,0.19
363123,Camisa,161871,0.19
462920,Sudadera,510034,0.19
454330,Sudadera,324722,0.19
89228,Blue Jean,228933,0.19
397167,Sudadera,231861,0.19
493685,Pantalon,402008,0.19
293286,Sudadera,292313,0.19
138053,Blue Jean,255818,0.19
91236,Sudadera,317281,0.19
493589,Camisa,345808,0.19
141208,Blue Jean,375209,0.19
367443,Camisa,563405,0.19
82371,Sudadera,400268,0.19
415623,Camisa,357086,0.19
355447,Pantalon,452421,0.19
390693,Chompa,191973,0.19
234518,Camisa,455670,0.19
272966,Blue Jean,406506,0.19
495570,Chompa,469435,0.19
437511,Camisa,384941,0.19
491755,Pantalon,546243,0.19
92237,Sudadera,430931,0.19
60571,Chompa,234396,0.19
146715,Blue Jean,293038,0.19
312081,Chompa,210043,0.19
217109,Sudadera,365837,0.19
102141,Pantalon,211295,0.19
225972,Sudadera,172278,0.19
375862,Sudadera,274381,0.19
268680,Camisa,572224,0.19
454603,Pantalon,573355,0.19
126325,Pantalon,397450,0.19
240952,Pantalon,293153,0.19
2401,Sudadera,317292,0.19
177395,Sudadera,422738,0.19
339001,Camisa,555679,0.19
43734,Camisa,172650,0.19
156474,Pantalon,204825,0.19
410867,Blue Jean,469423,0.19
274687,Pantalon,403427,0.19
217368,Chompa,556996,0.19
189534,Blue Jean,360727,0.19
413468,Sudadera,197315,0.19
306096,Sudadera,581158,0.19
266706,Blue Jean,162462,0.19
22625,Blue Jean,424756,0.19
85596,Camisa,185155,0.19
471989,Blue Jean,240164,0.19
9987,Pantalon,365207,0.19
112003,Sudadera,506005,0.19
456865,Pantalon,411246,0.19
447556,Pantalon,484886,0.19
8972,Pantalon,275109,0.19
101358,Chompa,286890,0.19
254239,Camisa,506025,0.19
146979,Chompa,255826,0.19
324649,Chompa,521112,0.19
245596,Sudadera,548188,0.19
453832,Sudadera,527056,0.19
183281,Camisa,319422,0.19
351985,Camisa,246877,0.19
206464,Pantalon,268383,0.19
68949,Pantalon,512992,0.19
356737,Camisa,199467,0.19
200790,Blue Jean,244453,0.19
199869,Sudadera,589580,0.19
202586,Chompa,515284,0.19
269661,Pantalon,598800,0.19
22192,Chompa,576809,0.19
106140,Blue Jean,162054,0.19
310650,Camisa,507884,0.19
280828,Pantalon,431834,0.19
228784,Sudadera,549841,0.19
141036,Pantalon,436439,0.19
29679,Blue Jean,554790,0.19
370652,Pantalon,556193,0.19
315855,Pantalon,324590,0.19
416203,Chompa,565816,0.19
345336,Pantalon,448772,0.19
389187,Camisa,316795,0.19
350371,Chompa,232734,0.19
156323,Camisa,335885,0.19
403211,Pantalon,352164,0.19
161953,Blue Jean,358649,0.19
420957,Camisa,535278,0.19
161465,Pantalon,310956,0.19
147533,Camisa,201102,0.19
222258,Pantalon,263458,0.19
139288,Blue Jean,327630,0.19
268556,Pantalon,280561,0.19
42965,Blue Jean,497772,0.19
443753,Sudadera,507525,0.19
109120,Pantalon,519477,0.19
350415,Chompa,196102,0.19
75502,Pantalon,265589,0.19
456165,Camisa,244333,0.19
421708,Chompa,405122,0.19
246648,Pantalon,564393,0.19
248745,Chompa,451165,0.19
200788,Blue Jean,386502,0.19
400471,Pantalon,590829,0.19
45751,Blue Jean,357442,0.19
429889,Sudadera,492072,0.19
322823,Pantalon,182625,0.19
74337,Sudadera,440683,0.19
356024,Chompa,321178,0.19
184735,Pantalon,249616,0.19
359885,Blue Jean,388532,0.19
126622,Pantalon,245598,0.19
476154,Chompa,250360,0.19
472341,Camisa,319192,0.19
183613,Sudadera,303508,0.19
187222,Sudadera,466579,0.19
15422,Sudadera,384439,0.19
318659,Chompa,424412,0.19
359645,Camisa,283132,0.19
457764,Sudadera,252131,0.19
181704,Blue Jean,530041,0.19
128680,Blue Jean,429537,0.19
89781,Sudadera,485577,0.19
112400,Chompa,219578,0.19
353676,Chompa,477447,0.19
73385,Pantalon,500350,0.19
351148,Chompa,418842,0.19
362023,Pantalon,176691,0.19
16319,Camisa,290106,0.19
276931,Chompa,569759,0.19
158691,Blue Jean,476687,0.19
499338,Chompa,521548,0.19
215366,Blue Jean,583830,0.19
425427,Pantalon,297595,0.19
434111,Camisa,479860,0.19
128483,Blue Jean,313879,0.19
320984,Camisa,580741,0.19
32751,Sudadera,522392,0.19
117613,Pantalon,474597,0.19
214742,Sudadera,234643,0.19
408006,Sudadera,561663,0.19
285558,Pantalon,271062,0.19
414767,Blue Jean,253039,0.19
355646,Chompa,599889,0.19
458832,Blue Jean,171421,0.19
458339,Chompa,519167,0.19
466558,Chompa,500153,0.19
190283,Chompa,447483,0.19
97181,Chompa,332996,0.19
131644,Pantalon,178736,0.19
261964,Pantalon,336919,0.19
251279,Sudadera,168757,0.19
54651,Pantalon,257645,0.19
269177,Pantalon,598075,0.19
34453,Pantalon,372764,0.19
304074,Blue Jean,229253,0.19
375477,Sudadera,507516,0.19
181477,Blue Jean,303802,0.19
31781,Pantalon,305229,0.19
135988,Camisa,493093,0.19
353657,Blue Jean,406942,0.19
398786,Sudadera,301998,0.19
44316,Camisa,378272,0.19
42896,Sudadera,352502,0.19
492401,Sudadera,259684,0.19
76333,Chompa,335938,0.19
458807,Pantalon,175311,0.19
366031,Camisa,417225,0.19
228921,Pantalon,283455,0.19
315826,Chompa,579322,0.19
135907,Camisa,315308,0.19
174206,Chompa,240911,0.19
52759,Camisa,422985,0.19
483316,Sudadera,334151,0.19
454656,Pantalon,193890,0.19
42890,Blue Jean,264279,0.19
144863,Camisa,463798,0.19
471193,Camisa,369285,0.19
386020,Pantalon,212004,0.19
145852,Chompa,302016,0.19
153184,Chompa,285146,0.19
14378,Camisa,556277,0.19
187087,Sudadera,369523,0.19
258161,Chompa,419350,0.19
1535,Chompa,319570,0.19
259721,Pantalon,382739,0.19
194767,Chompa,264887,0.19
434925,Blue Jean,158455,0.19
111510,Camisa,430551,0.19
22747,Blue Jean,495875,0.19
73527,Pantalon,281309,0.19
308635,Blue Jean,517260,0.19
429255,Camisa,421964,0.19
211259,Camisa,570510,0.19
253965,Camisa,522360,0.19
96478,Pantalon,441851,0.19
45753,Camisa,340227,0.19
84902,Blue Jean,240139,0.19
366238,Sudadera,374343,0.19
304411,Blue Jean,415896,0.19
189998,Blue Jean,196190,0.19
172922,Camisa,201867,0.19
183821,Camisa,321741,0.19
21269,Chompa,477557,0.19
372429,Chompa,412104,0.19
134517,Camisa,569193,0.19
426871,Chompa,376850,0.19
93832,Sudadera,460725,0.19
168220,Camisa,195346,0.19
330519,Chompa,448246,0.19
330814,Sudadera,572553,0.19
422582,Blue Jean,203069,0.19
257103,Pantalon,471793,0.19
260657,Blue Jean,410300,0.19
79917,Sudadera,170590,0.19
464252,Camisa,233974,0.19
199205,Sudadera,490879,0.19
39654,Chompa,525730,0.19
338079,Pantalon,516613,0.19
250289,Pantalon,424627,0.19
129290,Pantalon,191044,0.19
255316,Chompa,193248,0.19
409546,Blue Jean,509761,0.19
423623,Blue Jean,268374,0.19
301610,Chompa,448451,0.19
141959,Camisa,462626,0.19
295824,Pantalon,578754,0.19
281378,Pantalon,393738,0.19
219815,Sudadera,508939,0.19
78431,Sudadera,423369,0.19
345452,Chompa,435043,0.19
86390,Blue Jean,513684,0.19
273608,Chompa,291707,0.19
82239,Camisa,257638,0.19
60554,Sudadera,535260,0.19
155013,Sudadera,376641,0.19
370706,Chompa,598556,0.19
277504,Chompa,335332,0.19
451764,Chompa,169976,0.19
281251,Pantalon,374339,0.19
331207,Sudadera,464431,0.19
236533,Sudadera,384785,0.19
367883,Pantalon,528507,0.19
84808,Pantalon,453072,0.19
172581,Blue Jean,262408,0.19
350401,Camisa,160343,0.19
282143,Sudadera,351150,0.19
233833,Camisa,323599,0.19
304880,Camisa,184871,0.19
30780,Chompa,179720,0.19
306568,Sudadera,346954,0.19
377299,Chompa,500690,0.19
447659,Pantalon,594749,0.19
26001,Blue Jean,410940,0.19
107339,Camisa,300726,0.19
344838,Sudadera,427495,0.19
408730,Sudadera,179953,0.19
34051,Pantalon,455788,0.19
271768,Sudadera,419520,0.19
438376,Chompa,578076,0.19
314089,Chompa,581666,0.19
296652,Sudadera,493851,0.19
401605,Chompa,219474,0.19
17283,Pantalon,200499,0.19
85182,Blue Jean,414416,0.19
211903,Pantalon,192787,0.19
133425,Camisa,551598,0.19
422293,Camisa,287323,0.19
85859,Sudadera,517743,0.19
404652,Sudadera,502459,0.19
169796,Blue Jean,242799,0.19
242109,Chompa,492275,0.19
413902,Chompa,169697,0.19
13828,Sudadera,241113,0.19
483607,Sudadera,437023,0.19
457087,Pantalon,570485,0.19
483369,Camisa,302843,0.19
113894,Blue Jean,560716,0.19
37755,Blue Jean,377888,0.19
414770,Pantalon,358761,0.19
433978,Pantalon,530992,0.19
32725,Pantalon,325702,0.19
375992,Sudadera,557347,0.19
383623,Camisa,252098,0.19
228428,Sudadera,524019,0.19
360337,Blue Jean,517191,0.19
173623,Chompa,325377,0.19
425562,Chompa,394954,0.19
382544,Sudadera,286053,0.19
68528,Camisa,487898,0.19
114046,Pantalon,252505,0.19
406161,Blue Jean,211487,0.19
35487,Chompa,373849,0.19
485489,Camisa,453166,0.19
342738,Pantalon,554234,0.19
50798,Camisa,511178,0.19
419604,Camisa,319520,0.19
437405,Chompa,359854,0.19
347141,Camisa,152370,0.19
50450,Camisa,527387,0.19
394664,Camisa,473777,0.19
212918,Camisa,306263,0.19
497756,Chompa,190550,0.19
442645,Sudadera,279386,0.19
389006,Camisa,313388,0.19
64548,Blue Jean,460715,0.19
300699,Sudadera,203499,0.19
365583,Camisa,358708,0.19
358159,Camisa,555929,0.19
62078,Pantalon,384978,0.19
375057,Pantalon,466900,0.19
223859,Blue Jean,195727,0.19
282654,Chompa,273116,0.19
81833,Blue Jean,443259,0.19
215540,Blue Jean,273284,0.19
429066,Blue Jean,209031,0.19
34041,Pantalon,596812,0.19
429684,Chompa,213964,0.19
68371,Chompa,459231,0.19
302980,Pantalon,465687,0.19
85656,Chompa,334164,0.19
249504,Blue Jean,241793,0.19
214726,Sudadera,263049,0.19
419579,Sudadera,430683,0.19
26881,Pantalon,233188,0.19
73621,Chompa,359114,0.19
114141,Camisa,258584,0.19
4,Chompa,185778,0.19
386716,Sudadera,335639,0.19
204144,Camisa,219594,0.19
428419,Chompa,426227,0.19
98647,Blue Jean,486048,0.19
271788,Blue Jean,444963,0.19
303038,Chompa,333657,0.19
381365,Blue Jean,419755,0.19
443875,Blue Jean,510775,0.19
27085,Sudadera,222344,0.19
22122,Sudadera,535776,0.19
378548,Blue Jean,370916,0.19
202982,Sudadera,412017,0.19
206950,Blue Jean,435271,0.19
91897,Sudadera,212178,0.19
16886,Sudadera,237847,0.19
448437,Pantalon,550138,0.19
467870,Camisa,208464,0.19
90174,Chompa,521200,0.19
361674,Chompa,151906,0.19
106457,Sudadera,506573,0.19
268897,Chompa,295743,0.19
23345,Sudadera,565189,0.19
349226,Camisa,172170,0.19
363365,Chompa,326626,0.19
13197,Pantalon,358186,0.19
38648,Pantalon,593781,0.19
164909,Camisa,237372,0.19
331904,Sudadera,355154,0.19
198301,Camisa,411040,0.19
190802,Pantalon,166073,0.19
392720,Pantalon,481284,0.19
250027,Sudadera,559227,0.19
170258,Chompa,485051,0.19
469788,Camisa,491211,0.19
475709,Camisa,442986,0.19
9069,Chompa,504643,0.19
212376,Blue Jean,261468,0.19
413950,Camisa,595303,0.19
124977,Blue Jean,571063,0.19
139610,Camisa,168330,0.19
410958,Sudadera,347265,0.19
346262,Chompa,257378,0.19
204588,Blue Jean,166895,0.19
239232,Chompa,544501,0.19
73720,Pantalon,168108,0.19
77663,Sudadera,377890,0.19
377876,Camisa,404916,0.19
453607,Pantalon,400886,0.19
423669,Sudadera,155555,0.19
198032,Camisa,445704,0.19
110947,Blue Jean,326415,0.19
461662,Sudadera,193617,0.19
185369,Blue Jean,576487,0.19
285479,Sudadera,550985,0.19
328069,Blue Jean,363564,0.19
235727,Chompa,156962,0.19
158125,Chompa,400108,0.19
13989,Sudadera,322150,0.19
358980,Camisa,171547,0.19
341107,Sudadera,208559,0.19
116761,Camisa,568680,0.19
15947,Blue Jean,530638,0.19
101450,Pantalon,525411,0.19
237258,Chompa,286901,0.19
337428,Sudadera,202824,0.19
327322,Camisa,303696,0.19
124080,Camisa,440246,0.19
325637,Chompa,204852,0.19
442578,Blue Jean,216414,0.19
45994,Camisa,415550,0.19
391985,Pantalon,229137,0.19
134793,Blue Jean,397134,0.19
369807,Camisa,237281,0.19
260864,Sudadera,214766,0.19
92825,Camisa,302955,0.19
460968,Chompa,279040,0.19
353754,Pantalon,494040,0.19
349292,Pantalon,274069,0.19
110119,Pantalon,417778,0.19
61349,Sudadera,174983,0.19
58984,Pantalon,239833,0.19
132671,Camisa,160971,0.19
172708,Pantalon,209647,0.19
420451,Camisa,279149,0.19
30338,Chompa,290319,0.19
184831,Blue Jean,205661,0.19
83656,Sudadera,274582,0.19
404311,Pantalon,353421,0.19
382747,Chompa,212897,0.19
24437,Camisa,230741,0.19
46201,Chompa,222974,0.19
316014,Camisa,544402,0.19
1369,Sudadera,593208,0.19
278326,Sudadera,339678,0.19
324419,Sudadera,267344,0.19
157799,Sudadera,475815,0.19
46535,Blue Jean,198829,0.19
300539,Camisa,487553,0.19
154697,Blue Jean,321003,0.19
392684,Camisa,417011,0.19
192790,Pantalon,165029,0.19
182355,Blue Jean,545254,0.19
36713,Sudadera,565759,0.19
83149,Sudadera,553039,0.19
266579,Pantalon,219330,0.19
18646,Chompa,528495,0.19
208672,Camisa,376116,0.19
465639,Camisa,563380,0.19
243124,Chompa,222833,0.19
171933,Pantalon,430379,0.19
255290,Sudadera,594247,0.19
296926,Blue Jean,424499,0.19
51668,Blue Jean,572338,0.19
310757,Chompa,402520,0.19
64040,Camisa,429156,0.19
120442,Chompa,473198,0.19
401727,Sudadera,429626,0.19
289382,Chompa,553711,0.19
327796,Blue Jean,330786,0.19
424421,Chompa,263910,0.19
96075,Blue Jean,180317,0.19
344141,Sudadera,160462,0.19
453056,Sudadera,235901,0.19
185580,Chompa,484826,0.19
263159,Pantalon,589595,0.19
73551,Pantalon,492648,0.19
122748,Chompa,498901,0.19
432173,Blue Jean,158672,0.19
77488,Chompa,189363,0.19
338199,Blue Jean,569100,0.19
316702,Blue Jean,546586,0.19
460473,Blue Jean,428043,0.19
140939,Chompa,515355,0.19
5905,Chompa,449983,0.19
215448,Chompa,389857,0.19
466531,Sudadera,522199,0.19
391882,Blue Jean,461002,0.19
440039,Pantalon,504061,0.19
135740,Sudadera,231847,0.19
194748,Sudadera,588676,0.19
367681,Camisa,548461,0.19
230721,Sudadera,412212,0.19
201408,Pantalon,426048,0.19
158691,Camisa,192533,0.19
194591,Pantalon,437006,0.19
249237,Camisa,297908,0.19
249622,Chompa,212603,0.19
386988,Blue Jean,289668,0.19
110336,Camisa,384390,0.19
234484,Sudadera,595504,0.19
227772,Camisa,245328,0.19
196561,Pantalon,517642,0.19
90977,Camisa,285037,0.19
467137,Chompa,449970,0.19
265052,Pantalon,244153,0.19
410232,Chompa,261278,0.19
475965,Chompa,289211,0.19
263270,Blue Jean,518954,0.19
441056,Chompa,533525,0.19
448782,Sudadera,433852,0.19
400158,Pantalon,296979,0.19
232967,Camisa,440315,0.19
19790,Chompa,150913,0.19
445779,Camisa,506148,0.19
74892,Chompa,597597,0.19
254799,Sudadera,303812,0.19
5776,Camisa,510116,0.19
141332,Chompa,324766,0.19
123976,Pantalon,256487,0.19
55868,Pantalon,311117,0.19
55808,Camisa,504684,0.19
27187,Sudadera,205879,0.19
430850,Chompa,389690,0.19
471900,Blue Jean,484555,0.19
372737,Blue Jean,501758,0.19
140878,Blue Jean,178066,0.19
210599,Blue Jean,459917,0.19
170907,Pantalon,512939,0.19
479547,Chompa,309847,0.19
465671,Chompa,213836,0.19
114928,Pantalon,284885,0.19
420514,Camisa,508617,0.19
281381,Blue Jean,304068,0.19
12645,Pantalon,365190,0.19
17025,Pantalon,420602,0.19
390387,Pantalon,324595,0.19
169080,Blue Jean,290501,0.19
77795,Pantalon,476124,0.19
170159,Blue Jean,283936,0.19
85535,Blue Jean,207776,0.19
86556,Pantalon,202236,0.19
447598,Sudadera,230989,0.19
57714,Chompa,565308,0.19
337172,Chompa,511309,0.19
458170,Pantalon,559451,0.19
312794,Camisa,446606,0.19
340502,Sudadera,150899,0.19
357399,Blue Jean,548758,0.19
395164,Chompa,595898,0.19
9584,Sudadera,266176,0.19
301887,Pantalon,524438,0.19
212577,Sudadera,598124,0.19
458174,Camisa,511244,0.19
18727,Pantalon,382486,0.19
146880,Camisa,493793,0.19
390105,Pantalon,247900,0.19
61656,Pantalon,293358,0.19
495101,Blue Jean,540354,0.19
249555,Blue Jean,592447,0.19
318297,Blue Jean,185699,0.19
488265,Pantalon,526735,0.19
61118,Chompa,155359,0.19
419234,Camisa,473921,0.19
65836,Sudadera,195542,0.19
324902,Pantalon,197700,0.19
228981,Blue Jean,379441,0.19
341093,Blue Jean,495462,0.19
100471,Camisa,184948,0.19
92268,Pantalon,181115,0.19
66243,Camisa,521716,0.19
474520,Pantalon,274694,0.19
18856,Pantalon,455822,0.19
438880,Chompa,346136,0.19
78317,Chompa,503460,0.19
492691,Chompa,325064,0.19
103999,Blue Jean,478078,0.19
152602,Blue Jean,527159,0.19
43120,Blue Jean,570947,0.19
3921,Pantalon,171308,0.19
178813,Blue Jean,490638,0.19
409017,Chompa,205976,0.19
198376,Camisa,253997,0.19
357117,Sudadera,382787,0.19
72257,Camisa,262142,0.19
100230,Sudadera,204941,0.19
157575,Sudadera,521649,0.19
107035,Blue Jean,161846,0.19
289963,Pantalon,564441,0.19
426098,Blue Jean,473911,0.19
22539,Sudadera,451532,0.19
66759,Pantalon,154971,0.19
433082,Camisa,527533,0.19
173874,Sudadera,301239,0.19
428786,Pantalon,416472,0.19
350338,Blue Jean,546868,0.19
88237,Sudadera,588189,0.19
11022,Sudadera,579676,0.19
136229,Camisa,254254,0.19
415093,Sudadera,229027,0.19
148075,Camisa,595540,0.19
266762,Pantalon,368465,0.19
366420,Camisa,571890,0.19
164699,Camisa,282032,0.19
227694,Blue Jean,229841,0.19
177272,Chompa,437837,0.19
282406,Sudadera,220147,0.19
211558,Blue Jean,333925,0.19
5492,Sudadera,470600,0.19
114130,Pantalon,446832,0.19
121411,Camisa,187724,0.19
470436,Blue Jean,372694,0.19
241228,Chompa,155271,0.19
87767,Chompa,251725,0.19
213235,Sudadera,357402,0.19
183617,Sudadera,482396,0.19
241448,Chompa,467972,0.19
377017,Camisa,156672,0.19
36654,Chompa,294582,0.19
98610,Sudadera,552181,0.19
443412,Camisa,207994,0.19
166960,Blue Jean,315615,0.19
103456,Chompa,257154,0.19
96674,Chompa,571380,0.19
189094,Pantalon,176665,0.19
348077,Sudadera,476111,0.19
349081,Blue Jean,267041,0.19
198762,Sudadera,402454,0.19
206409,Sudadera,421386,0.19
182479,Pantalon,186559,0.19
5539,Camisa,314519,0.19
389583,Chompa,204925,0.19
166773,Pantalon,400946,0.19
244427,Blue Jean,575598,0.19
384004,Sudadera,301299,0.19
338814,Sudadera,555435,0.19
22746,Blue Jean,459139,0.19
380947,Pantalon,255095,0.19
92194,Chompa,559223,0.19
202104,Chompa,354848,0.19
401647,Sudadera,568527,0.19
98201,Camisa,439509,0.19
26495,Sudadera,444039,0.19
116956,Blue Jean,557351,0.19
392299,Chompa,184755,0.19
299219,Sudadera,456577,0.19
13767,Sudadera,278478,0.19
428447,Chompa,183576,0.19
112578,Pantalon,430824,0.19
119765,Sudadera,402724,0.19
166026,Chompa,226868,0.19
225059,Sudadera,224990,0.19
163698,Camisa,381272,0.19
625,Sudadera,322243,0.19
353239,Camisa,558758,0.19
440312,Pantalon,408835,0.19
492762,Camisa,500758,0.19
378670,Sudadera,323874,0.19
361327,Camisa,443449,0.19
449168,Sudadera,460357,0.19
235993,Camisa,387592,0.19
339288,Chompa,579816,0.19
177202,Sudadera,592749,0.19
318462,Camisa,336638,0.19
334945,Camisa,447049,0.19
354452,Chompa,317072,0.19
79366,Blue Jean,393243,0.19
450196,Sudadera,305459,0.19
169486,Sudadera,168652,0.19
454036,Pantalon,507129,0.19
92828,Chompa,486958,0.19
269341,Camisa,267074,0.19
132009,Pantalon,156072,0.19
37062,Camisa,597278,0.19
209360,Camisa,311213,0.19
589,Blue Jean,289753,0.19
253940,Chompa,502576,0.19
320576,Sudadera,401079,0.19
134447,Pantalon,537450,0.19
108894,Blue Jean,389661,0.19
271692,Blue Jean,287216,0.19
447962,Sudadera,246177,0.19
189059,Pantalon,497364,0.19
211229,Chompa,569108,0.19
494084,Camisa,496295,0.19
422952,Camisa,592285,0.19
315426,Blue Jean,385963,0.19
260964,Pantalon,179749,0.19
96796,Camisa,317208,0.19
155318,Pantalon,216989,0.19
129591,Sudadera,439887,0.19
370174,Blue Jean,501256,0.19
171950,Sudadera,197623,0.19
155853,Pantalon,194989,0.19
124861,Pantalon,318357,0.19
384297,Sudadera,360385,0.19
221943,Camisa,504792,0.19
153607,Sudadera,354742,0.19
68685,Pantalon,460564,0.19
256322,Camisa,357475,0.19
42581,Blue Jean,219254,0.19
456298,Blue Jean,236581,0.19
300129,Camisa,444545,0.19
8291,Blue Jean,493158,0.19
135233,Pantalon,598893,0.19
354734,Blue Jean,524541,0.19
114569,Chompa,583164,0.19
351115,Blue Jean,373649,0.19
317252,Pantalon,224684,0.19
461527,Sudadera,488016,0.19
471145,Chompa,301910,0.19
393792,Camisa,474819,0.19
406229,Chompa,589793,0.19
31988,Blue Jean,473458,0.19
279010,Camisa,163122,0.19
47320,Blue Jean,458339,0.19
156352,Blue Jean,306843,0.19
130939,Chompa,441803,0.19
332425,Camisa,301685,0.19
349463,Camisa,552496,0.19
341468,Pantalon,265303,0.19
325983,Blue Jean,328999,0.19
85269,Chompa,509893,0.19
352669,Blue Jean,233546,0.19
460202,Chompa,346260,0.19
324907,Sudadera,150446,0.19
272107,Camisa,307350,0.19
188127,Sudadera,181715,0.19
322727,Camisa,458463,0.19
387247,Chompa,443889,0.19
174112,Pantalon,210615,0.19
178027,Blue Jean,289829,0.19
184954,Pantalon,167880,0.19
216039,Chompa,464230,0.19
227593,Blue Jean,371259,0.19
285847,Pantalon,295812,0.19
189718,Camisa,591404,0.19
253601,Blue Jean,273753,0.19
463209,Chompa,313406,0.19
94913,Camisa,562231,0.19
268944,Sudadera,204492,0.19
145375,Sudadera,296608,0.19
17611,Blue Jean,316761,0.19
415959,Sudadera,297492,0.19
388024,Chompa,464212,0.19
213674,Sudadera,164224,0.19
440362,Camisa,462480,0.19
406432,Sudadera,171497,0.19
169375,Blue Jean,577321,0.19
104314,Blue Jean,491390,0.19
53539,Camisa,288023,0.19
290921,Chompa,218448,0.19
129621,Camisa,579838,0.19
80725,Chompa,309169,0.19
409254,Camisa,462681,0.19
399222,Blue Jean,529774,0.19
168673,Sudadera,392524,0.19
273869,Chompa,192798,0.19
276572,Pantalon,285352,0.19
376502,Blue Jean,244121,0.19
410790,Chompa,257786,0.19
21696,Chompa,174193,0.19
382693,Camisa,315144,0.19
91283,Chompa,364161,0.19
441419,Sudadera,184319,0.19
466058,Blue Jean,230216,0.19
266224,Sudadera,485083,0.19
363017,Pantalon,184870,0.19
187243,Sudadera,296768,0.19
235077,Sudadera,527381,0.19
141183,Camisa,576830,0.19
346679,Blue Jean,226033,0.19
448784,Sudadera,568179,0.19
104713,Sudadera,575090,0.19
73288,Sudadera,402034,0.19
117101,Blue Jean,463167,0.19
340207,Blue Jean,449575,0.19
227544,Sudadera,328875,0.19
32148,Pantalon,377198,0.19
492035,Chompa,336605,0.19
488978,Chompa,408530,0.19
248331,Camisa,325083,0.19
340150,Camisa,523569,0.19
101872,Camisa,454795,0.19
4897,Camisa,569034,0.19
299867,Sudadera,361571,0.19
137208,Sudadera,463177,0.19
152957,Camisa,524198,0.19
214771,Chompa,575252,0.19
130109,Camisa,514480,0.19
476089,Pantalon,372455,0.19
13038,Pantalon,588730,0.19
305602,Sudadera,426297,0.19
376889,Sudadera,310974,0.19
394664,Camisa,369877,0.19
415603,Chompa,190382,0.19
222257,Camisa,217932,0.19
108220,Camisa,266699,0.19
389583,Chompa,202553,0.19
105784,Sudadera,482674,0.19
340206,Camisa,303946,0.19
468535,Pantalon,371480,0.19
384691,Blue Jean,496942,0.19
350568,Pantalon,583481,0.19
91527,Pantalon,239892,0.19
107596,Camisa,159467,0.19
492885,Camisa,196755,0.19
105416,Chompa,318861,0.19
54407,Sudadera,571842,0.19
282981,Camisa,493949,0.19
59447,Sudadera,599784,0.19
21719,Chompa,504915,0.19
310077,Pantalon,455362,0.19
151348,Camisa,338437,0.19
118724,Camisa,349751,0.19
92259,Chompa,402563,0.19
332712,Sudadera,578651,0.19
381221,Blue Jean,183513,0.19
60082,Sudadera,467121,0.19
426049,Pantalon,487108,0.19
94184,Chompa,410636,0.19
119602,Blue Jean,424113,0.19
486664,Pantalon,412132,0.19
420024,Blue Jean,299165,0.19
304062,Blue Jean,349733,0.19
188523,Chompa,405047,0.19
342587,Chompa,441490,0.19
436128,Sudadera,502086,0.19
454033,Chompa,375875,0.19
89668,Chompa,213064,0.19
362213,Blue Jean,368059,0.19
185505,Chompa,467413,0.19
27308,Blue Jean,192284,0.19
184191,Blue Jean,526583,0.19
124442,Pantalon,475885,0.19
390241,Sudadera,488194,0.19
207100,Blue Jean,427990,0.19
272567,Pantalon,372776,0.19
56209,Chompa,341540,0.19
260335,Blue Jean,345120,0.19
389495,Pantalon,598918,0.19
223973,Pantalon,410558,0.19
385661,Camisa,430387,0.19
22019,Camisa,388356,0.19
107662,Blue Jean,563979,0.19
490745,Sudadera,593822,0.19
26767,Camisa,581802,0.19
342627,Pantalon,558415,0.19
274826,Sudadera,412844,0.19
234760,Blue Jean,362341,0.19
30111,Chompa,454610,0.19
83994,Blue Jean,408637,0.19
59413,Chompa,556511,0.19
259559,Pantalon,594753,0.19
371555,Pantalon,544383,0.19
24036,Blue Jean,457072,0.19
485847,Camisa,419122,0.19
71648,Chompa,317344,0.19
330277,Pantalon,485763,0.19
497278,Pantalon,328834,0.19
395115,Sudadera,569950,0.19
483663,Camisa,484059,0.19
397793,Pantalon,338504,0.19
386182,Pantalon,237475,0.19
438675,Pantalon,297163,0.19
277640,Sudadera,226820,0.19
334499,Camisa,304899,0.19
105261,Sudadera,525807,0.19
258182,Chompa,422106,0.19
298337,Blue Jean,575327,0.19
19436,Pantalon,291947,0.19
217707,Pantalon,416895,0.19
346816,Sudadera,508851,0.19
401593,Blue Jean,195593,0.19
160276,Pantalon,214576,0.19
294461,Chompa,185747,0.19
320635,Pantalon,326991,0.19
99012,Pantalon,564905,0.19
402732,Pantalon,403016,0.19
285339,Pantalon,243595,0.19
305453,Blue Jean,407196,0.19
373177,Pantalon,263775,0.19
379092,Camisa,208173,0.19
359568,Chompa,510256,0.19
10130,Chompa,377862,0.19
397168,Chompa,513503,0.19
328974,Blue Jean,469936,0.19
172802,Pantalon,168795,0.19
372314,Camisa,258345,0.19
265211,Chompa,379905,0.19
470554,Camisa,555631,0.19
353570,Camisa,199520,0.19
345755,Sudadera,233674,0.19
194606,Sudadera,265218,0.19
34798,Chompa,406820,0.19
177976,Chompa,427566,0.19
268042,Blue Jean,180443,0.19
224308,Camisa,499444,0.19
122805,Chompa,464877,0.19
479264,Blue Jean,484824,0.19
218358,Blue Jean,386781,0.19
22595,Pantalon,502887,0.19
485109,Sudadera,464789,0.19
17867,Blue Jean,443219,0.19
325040,Pantalon,193887,0.19
359262,Pantalon,310753,0.19
93613,Pantalon,209099,0.19
140671,Blue Jean,176795,0.19
71274,Blue Jean,421347,0.19
451235,Blue Jean,558516,0.19
129111,Blue Jean,362983,0.19
5186,Camisa,237235,0.19
18077,Pantalon,334718,0.19
287916,Camisa,291149,0.19
434679,Pantalon,256034,0.19
145154,Camisa,257210,0.19
184427,Pantalon,422789,0.19
227234,Pantalon,211902,0.19
166080,Camisa,157967,0.19
341961,Camisa,405473,0.19
243949,Blue Jean,290575,0.19
102456,Camisa,434648,0.19
40603,Chompa,274381,0.19
234372,Chompa,167423,0.19
364899,Blue Jean,242410,0.19
467398,Camisa,558936,0.19
29597,Pantalon,384427,0.19
499154,Camisa,277644,0.19
322169,Pantalon,231448,0.19
494893,Sudadera,434753,0.19
406622,Chompa,587876,0.19
121295,Sudadera,560123,0.19
279717,Sudadera,321220,0.19
163601,Chompa,484131,0.19
486061,Camisa,530040,0.19
493949,Sudadera,337013,0.19
479853,Blue Jean,579119,0.19
325869,Sudadera,338994,0.19
495741,Sudadera,329363,0.19
147104,Camisa,309038,0.19
254125,Camisa,286260,0.19
207216,Pantalon,342223,0.19
86306,Chompa,327169,0.19
358974,Sudadera,389296,0.19
413065,Blue Jean,352374,0.19
202747,Chompa,323580,0.19
369025,Blue Jean,334323,0.19
183070,Chompa,573058,0.19
69956,Pantalon,515625,0.19
353380,Blue Jean,276696,0.19
498581,Sudadera,260044,0.19
463966,Blue Jean,417689,0.19
116733,Camisa,509918,0.19
182682,Chompa,195916,0.19
23210,Camisa,587473,0.19
215282,Pantalon,264470,0.19
449218,Camisa,497301,0.19
41474,Sudadera,376938,0.19
348565,Sudadera,295585,0.19
327498,Chompa,577828,0.19
138534,Pantalon,497255,0.19
321544,Blue Jean,225476,0.19
405354,Sudadera,198905,0.19
237981,Chompa,204454,0.19
466481,Camisa,541805,0.19
400527,Blue Jean,499520,0.19
330400,Chompa,577037,0.19
211247,Chompa,410316,0.19
66066,Blue Jean,474415,0.19
60645,Camisa,439267,0.19
237196,Chompa,154240,0.19
318345,Camisa,413782,0.19
391437,Sudadera,461885,0.19
400191,Chompa,589705,0.19
388585,Pantalon,203082,0.19
172419,Pantalon,414563,0.19
455495,Sudadera,344108,0.19
174387,Camisa,521217,0.19
177352,Chompa,589634,0.19
357953,Blue Jean,293805,0.19
99875,Sudadera,555513,0.19
285842,Blue Jean,559707,0.19
52200,Blue Jean,518782,0.19
10471,Camisa,590317,0.19
392087,Pantalon,541658,0.19
258725,Chompa,432000,0.19
164770,Chompa,386023,0.19
245638,Camisa,262119,0.19
496759,Chompa,299352,0.19
84962,Pantalon,232468,0.19
256948,Camisa,404366,0.19
70252,Chompa,561221,0.19
423209,Chompa,195901,0.19
148625,Chompa,365574,0.19
253922,Sudadera,378813,0.19
182168,Chompa,238264,0.19
440191,Blue Jean,502293,0.19
305415,Pantalon,424472,0.19
358658,Camisa,261541,0.19
77910,Blue Jean,312967,0.19
434010,Chompa,265161,0.19
336642,Camisa,378302,0.19
318148,Pantalon,440907,0.19
442138,Blue Jean,267402,0.19
163128,Camisa,164556,0.19
292183,Pantalon,396964,0.19
433551,Chompa,488073,0.19
429149,Camisa,502921,0.19
85275,Camisa,332299,0.19
259559,Camisa,497025,0.19
214639,Chompa,494889,0.19
477014,Chompa,264838,0.19
484715,Chompa,164952,0.19
438093,Camisa,205539,0.19
345232,Camisa,243637,0.19
140549,Blue Jean,293422,0.19
127282,Blue Jean,411395,0.19
323399,Pantalon,212917,0.19
348600,Sudadera,355135,0.19
266944,Blue Jean,316561,0.19
436194,Chompa,422814,0.19
225561,Pantalon,214589,0.19
305551,Blue Jean,178119,0.19
3496,Pantalon,324229,0.19
159996,Blue Jean,471765,0.19
47166,Pantalon,566040,0.19
291575,Camisa,386137,0.19
140655,Camisa,276426,0.19
304751,Blue Jean,335232,0.19
213888,Pantalon,238970,0.19
331494,Blue Jean,371794,0.19
371733,Sudadera,375257,0.19
279838,Blue Jean,295904,0.19
110567,Sudadera,205095,0.19
349718,Blue Jean,500260,0.19
474784,Blue Jean,186209,0.19
266673,Chompa,393555,0.19
276171,Sudadera,340771,0.19
387131,Chompa,487806,0.19
159298,Chompa,265280,0.19
249691,Blue Jean,215737,0.19
389037,Blue Jean,596015,0.19
95432,Chompa,441960,0.19
182997,Chompa,582471,0.19
454857,Pantalon,439348,0.19
353304,Camisa,175538,0.19
141618,Chompa,393486,0.19
137364,Chompa,482688,0.19
207349,Blue Jean,552859,0.19
222681,Sudadera,527705,0.19
185637,Sudadera,537458,0.19
186324,Camisa,268895,0.19
419265,Blue Jean,245909,0.19
69118,Sudadera,565442,0.19
30128,Pantalon,351782,0.19
494001,Sudadera,212550,0.19
118888,Pantalon,333280,0.19
114676,Blue Jean,266397,0.19
76467,Camisa,301151,0.19
243492,Chompa,462246,0.19
66358,Chompa,519920,0.19
205194,Pantalon,192339,0.19
77722,Chompa,170222,0.19
112295,Blue Jean,511144,0.19
16564,Blue Jean,351196,0.19
303725,Blue Jean,539908,0.19
399796,Camisa,304159,0.19
287616,Pantalon,498174,0.19
473001,Blue Jean,363300,0.19
273939,Blue Jean,258419,0.19
19795,Camisa,264413,0.19
49665,Pantalon,241876,0.19
131031,Camisa,536521,0.19
404036,Chompa,377514,0.19
374614,Chompa,251629,0.19
216820,Pantalon,208997,0.19
241226,Pantalon,507353,0.19
452581,Blue Jean,587957,0.19
315491,Sudadera,377946,0.19
101025,Pantalon,382140,0.19
199937,Chompa,179438,0.19
104907,Chompa,423461,0.19
494020,Chompa,591436,0.19
148647,Blue Jean,152546,0.19
5646,Camisa,297388,0.19
211653,Sudadera,529597,0.19
58850,Pantalon,478572,0.19
460104,Pantalon,323451,0.19
76680,Sudadera,199465,0.19
80705,Chompa,226572,0.19
22810,Chompa,374674,0.19
296112,Sudadera,424062,0.19
461954,Sudadera,361854,0.19
261468,Pantalon,346881,0.19
379394,Camisa,561422,0.19
310298,Camisa,392322,0.19
279487,Pantalon,166846,0.19
269931,Camisa,521544,0.19
327550,Chompa,504646,0.19
424511,Blue Jean,511080,0.19
177420,Pantalon,331547,0.19
272646,Chompa,369560,0.19
483455,Chompa,309716,0.19
441406,Sudadera,344505,0.19
116830,Camisa,363823,0.19
417590,Blue Jean,260719,0.19
460894,Pantalon,295475,0.19
42091,Camisa,317540,0.19
477045,Chompa,535104,0.19
329550,Chompa,404041,0.19
389141,Chompa,262012,0.19
407365,Sudadera,345636,0.19
232387,Chompa,259161,0.19
160026,Chompa,383980,0.19
193464,Pantalon,596646,0.19
37146,Sudadera,307316,0.19
17714,Chompa,406085,0.19
177904,Chompa,232033,0.19
144512,Sudadera,370401,0.19
353275,Blue Jean,329463,0.19
326056,Camisa,493998,0.19
375746,Chompa,293253,0.19
439536,Sudadera,167316,0.19
236282,Sudadera,201727,0.19
454637,Pantalon,246149,0.19
375190,Chompa,184106,0.19
162877,Pantalon,529961,0.19
138266,Sudadera,443023,0.19
455735,Pantalon,263533,0.19
153143,Sudadera,432833,0.19
29520,Chompa,264590,0.19
352288,Pantalon,381267,0.19
289882,Chompa,324630,0.19
118430,Sudadera,402951,0.19
358232,Chompa,533503,0.19
453942,Pantalon,401167,0.19
217355,Camisa,198485,0.19
328854,Blue Jean,235924,0.19
317603,Camisa,184520,0.19
487405,Camisa,576289,0.19
253840,Chompa,259876,0.19
163883,Blue Jean,556867,0.19
399783,Pantalon,468645,0.19
278644,Sudadera,229769,0.19
447052,Pantalon,277440,0.19
335285,Pantalon,371757,0.19
142372,Blue Jean,425830,0.19
197418,Pantalon,588567,0.19
488752,Camisa,196332,0.19
236776,Chompa,360806,0.19
498704,Chompa,221940,0.19
315099,Pantalon,574131,0.19
421854,Camisa,369711,0.19
289770,Sudadera,388904,0.19
230860,Sudadera,480150,0.19
255042,Blue Jean,331634,0.19
356118,Chompa,388709,0.19
335794,Sudadera,548350,0.19
477650,Sudadera,202075,0.19
296240,Sudadera,240177,0.19
198093,Chompa,554990,0.19
107472,Camisa,492897,0.19
499733,Chompa,424417,0.19
80098,Camisa,296921,0.19
114403,Chompa,291210,0.19
349104,Chompa,565030,0.19
7054,Chompa,432218,0.19
187044,Camisa,508763,0.19
7891,Pantalon,596770,0.19
200353,Pantalon,344827,0.19
111653,Blue Jean,177207,0.19
459815,Sudadera,275405,0.19
455627,Blue Jean,466801,0.19
423496,Camisa,208792,0.19
182506,Pantalon,574665,0.19
57227,Chompa,386452,0.19
495752,Blue Jean,226907,0.19
31583,Sudadera,446635,0.19
196479,Sudadera,515168,0.19
401435,Sudadera,580348,0.19
299315,Camisa,444524,0.19
491535,Blue Jean,210143,0.19
140149,Pantalon,276342,0.19
186012,Blue Jean,509722,0.19
218794,Sudadera,343323,0.19
38372,Sudadera,416128,0.19
385947,Pantalon,581218,0.19
121481,Sudadera,160017,0.19
393036,Camisa,571951,0.19
485212,Pantalon,268807,0.19
246044,Pantalon,413906,0.19
130107,Pantalon,163273,0.19
387672,Pantalon,285924,0.19
377511,Chompa,547134,0.19
227258,Chompa,549936,0.19
302008,Sudadera,396963,0.19
199266,Blue Jean,553854,0.19
100185,Sudadera,202562,0.19
24024,Camisa,328066,0.19
25264,Blue Jean,468136,0.19
51623,Blue Jean,190184,0.19
396608,Sudadera,452159,0.19
65775,Chompa,566796,0.19
292388,Pantalon,515579,0.19
139964,Pantalon,361030,0.19
210899,Blue Jean,519221,0.19
498605,Blue Jean,587812,0.19
406005,Pantalon,261365,0.19
411124,Chompa,241996,0.19
295060,Chompa,511054,0.19
197130,Blue Jean,297661,0.19
83703,Camisa,583416,0.19
275767,Camisa,487852,0.19
168775,Camisa,380178,0.19
267515,Camisa,225607,0.19
432101,Sudadera,384656,0.19
212724,Sudadera,540297,0.19
445270,Sudadera,463293,0.19
2553,Camisa,528245,0.19
120571,Camisa,456628,0.19
87468,Sudadera,449818,0.19
476358,Camisa,341885,0.19
290740,Camisa,345467,0.19
218597,Pantalon,462343,0.19
103378,Pantalon,198545,0.19
57733,Camisa,187912,0.19
45380,Camisa,308218,0.19
288210,Camisa,596865,0.19
295044,Camisa,232283,0.19
281139,Camisa,156463,0.19
73818,Chompa,351602,0.19
415235,Chompa,340571,0.19
331471,Camisa,599280,0.19
349859,Chompa,461366,0.19
87574,Camisa,197111,0.19
6226,Pantalon,552759,0.19
188907,Chompa,346973,0.19
45228,Camisa,374132,0.19
357818,Sudadera,476516,0.19
152936,Chompa,452989,0.19
453683,Chompa,232343,0.19
2674,Sudadera,565976,0.19
499646,Sudadera,217367,0.19
255307,Blue Jean,332530,0.19
407977,Sudadera,545047,0.19
169626,Camisa,161407,0.19
458599,Camisa,275158,0.19
138834,Pantalon,397187,0.19
349978,Sudadera,496429,0.19
310252,Chompa,192641,0.19
194853,Pantalon,467456,0.19
210696,Pantalon,196709,0.19
298902,Camisa,402607,0.19
277682,Chompa,277751,0.19
338922,Pantalon,358505,0.19
29034,Blue Jean,405543,0.19
22557,Blue Jean,317319,0.19
469138,Sudadera,422286,0.19
114943,Chompa,217338,0.19
152342,Pantalon,192651,0.19
271448,Chompa,163364,0.19
102352,Sudadera,224526,0.19
51324,Blue Jean,369894,0.19
326305,Sudadera,380708,0.19
187304,Camisa,206097,0.19
193310,Chompa,400447,0.19
72506,Chompa,556730,0.19
449401,Blue Jean,418681,0.19
96310,Chompa,497262,0.19
335530,Blue Jean,470669,0.19
398639,Chompa,181864,0.19
130747,Blue Jean,261384,0.19
451564,Chompa,536611,0.19
443892,Blue Jean,283136,0.19
10842,Blue Jean,415679,0.19
169140,Pantalon,186666,0.19
388247,Camisa,409456,0.19
37565,Chompa,252173,0.19
412666,Camisa,576051,0.19
183673,Pantalon,362720,0.19
161849,Camisa,432193,0.19
289168,Pantalon,249071,0.19
351989,Camisa,284298,0.19
167851,Chompa,417589,0.19
25074,Sudadera,483976,0.19
428946,Chompa,269583,0.19
440180,Pantalon,440430,0.19
242138,Sudadera,584418,0.19
436157,Chompa,553118,0.19
363903,Blue Jean,340436,0.19
290656,Sudadera,539145,0.19
290937,Pantalon,568232,0.19
72720,Blue Jean,399322,0.19
214596,Blue Jean,411087,0.19
4917,Blue Jean,284431,0.19
362650,Sudadera,430368,0.19
345997,Blue Jean,377237,0.19
144230,Pantalon,198510,0.19
302213,Sudadera,342946,0.19
490936,Chompa,393828,0.19
130160,Pantalon,561106,0.19
192933,Camisa,376178,0.19
273209,Sudadera,173682,0.19
112969,Sudadera,151597,0.19
483246,Sudadera,355321,0.19
371551,Sudadera,381369,0.19
114207,Sudadera,385277,0.19
439344,Blue Jean,290773,0.19
176160,Pantalon,234642,0.19
475419,Camisa,201990,0.19
427184,Blue Jean,302957,0.19
270276,Blue Jean,521726,0.19
60774,Pantalon,260535,0.19
72061,Blue Jean,425315,0.19
348185,Pantalon,340595,0.19
213082,Pantalon,167263,0.19
164142,Sudadera,547449,0.19
180359,Pantalon,531706,0.19
480093,Sudadera,393781,0.19
328547,Chompa,589107,0.19
178629,Blue Jean,330133,0.19
425972,Sudadera,183025,0.19
265474,Camisa,325505,0.19
67611,Pantalon,307413,0.19
219529,Blue Jean,312053,0.19
125217,Camisa,332160,0.19
330845,Camisa,209213,0.19
383266,Blue Jean,310256,0.19
437928,Sudadera,420959,0.19
68701,Blue Jean,375225,0.19
266960,Chompa,257557,0.19
222969,Pantalon,167031,0.19
212403,Sudadera,502316,0.19
191469,Pantalon,595485,0.19
82693,Blue Jean,342180,0.19
366405,Sudadera,414423,0.19
75405,Chompa,582275,0.19
469979,Camisa,435870,0.19
422050,Blue Jean,301995,0.19
374490,Pantalon,417251,0.19
464851,Chompa,494968,0.19
203334,Blue Jean,343819,0.19
296029,Sudadera,258967,0.19
426019,Sudadera,217503,0.19
230364,Chompa,404805,0.19
264338,Chompa,349515,0.19
189819,Chompa,418314,0.19
238920,Chompa,507790,0.19
114333,Chompa,495588,0.19
10483,Chompa,187371,0.19
90799,Sudadera,558199,0.19
285408,Chompa,249737,0.19
108194,Camisa,174549,0.19
314763,Chompa,533288,0.19
435419,Pantalon,180638,0.19
824,Pantalon,177044,0.19
1411,Sudadera,445142,0.19
341160,Blue Jean,459275,0.19
204445,Camisa,381488,0.19
27775,Blue Jean,571610,0.19
343006,Blue Jean,195166,0.19
187389,Pantalon,597613,0.19
86577,Pantalon,589909,0.19
215808,Chompa,577141,0.19
302884,Sudadera,550986,0.19
165522,Sudadera,469037,0.19
422360,Camisa,438390,0.19
96981,Sudadera,235092,0.19
327854,Camisa,289332,0.19
410970,Blue Jean,243154,0.19
153081,Pantalon,210245,0.19
428475,Pantalon,185986,0.19
272065,Pantalon,229080,0.19
236398,Camisa,342492,0.19
256810,Chompa,580611,0.19
214883,Pantalon,407745,0.19
450179,Sudadera,175970,0.19
94911,Chompa,339522,0.19
406960,Chompa,570517,0.19
232920,Pantalon,534452,0.19
108199,Sudadera,504604,0.19
39540,Camisa,281423,0.19
377097,Blue Jean,232005,0.19
115289,Blue Jean,154359,0.19
350696,Blue Jean,193714,0.19
158344,Pantalon,554916,0.19
268095,Sudadera,460108,0.19
231251,Sudadera,509427,0.19
245809,Pantalon,411734,0.19
329819,Pantalon,509083,0.19
223455,Chompa,216617,0.19
53901,Blue Jean,595201,0.19
59320,Chompa,194327,0.19
360126,Chompa,540372,0.19
63712,Sudadera,330128,0.19
323373,Blue Jean,327140,0.19
49620,Pantalon,462703,0.19
444674,Pantalon,599417,0.19
237794,Pantalon,570865,0.19
286799,Camisa,259937,0.19
139397,Sudadera,413601,0.19
353846,Sudadera,155014,0.19
354588,Chompa,492708,0.19
407881,Pantalon,469464,0.19
360486,Pantalon,386873,0.19
64971,Sudadera,386589,0.19
446905,Sudadera,330266,0.19
199745,Pantalon,188560,0.19
168023,Pantalon,165391,0.19
145305,Blue Jean,517943,0.19
273320,Camisa,357280,0.19
363655,Chompa,335374,0.19
258945,Chompa,364530,0.19
106768,Chompa,448256,0.19
220246,Blue Jean,432796,0.19
75652,Sudadera,248861,0.19
384019,Blue Jean,471179,0.19
357880,Sudadera,219813,0.19
432466,Blue Jean,527966,0.19
74197,Blue Jean,309844,0.19
141162,Pantalon,380081,0.19
378345,Pantalon,355497,0.19
293804,Sudadera,366159,0.19
164758,Camisa,327822,0.19
260873,Blue Jean,383909,0.19
358435,Camisa,364274,0.19
211950,Pantalon,563120,0.19
138373,Pantalon,430852,0.19
6691,Pantalon,593242,0.19
256861,Pantalon,379817,0.19
139910,Camisa,375688,0.19
12776,Pantalon,581066,0.19
326244,Camisa,252941,0.19
201009,Pantalon,472692,0.19
410809,Chompa,429759,0.19
364723,Camisa,513613,0.19
313630,Blue Jean,351453,0.19
446030,Chompa,401905,0.19
70730,Chompa,451184,0.19
304028,Sudadera,523998,0.19
31806,Blue Jean,513947,0.19
160693,Camisa,180881,0.19
109852,Camisa,383022,0.19
460230,Camisa,244995,0.19
120331,Camisa,434190,0.19
138684,Camisa,303375,0.19
229828,Blue Jean,264292,0.19
423579,Pantalon,312860,0.19
202228,Chompa,224118,0.19
104961,Blue Jean,491532,0.19
182579,Camisa,365387,0.19
463304,Sudadera,495378,0.19
370770,Chompa,220533,0.19
439308,Blue Jean,479418,0.19
72499,Pantalon,307911,0.19
323811,Blue Jean,253479,0.19
240119,Camisa,453705,0.19
174252,Blue Jean,450365,0.19
269427,Sudadera,375423,0.19
304011,Sudadera,313779,0.19
121128,Blue Jean,521901,0.19
24348,Sudadera,171421,0.19
209671,Chompa,258044,0.19
177811,Chompa,499002,0.19
257990,Camisa,188247,0.19
291194,Chompa,328424,0.19
300666,Sudadera,224350,0.19
41195,Chompa,212285,0.19
118304,Chompa,495159,0.19
337809,Chompa,333096,0.19
409137,Pantalon,162108,0.19
14054,Chompa,358249,0.19
62738,Camisa,444570,0.19
206926,Blue Jean,444119,0.19
257112,Sudadera,229386,0.19
127432,Blue Jean,363105,0.19
233160,Chompa,266923,0.19
10012,Chompa,282561,0.19
491691,Blue Jean,498923,0.19
318349,Chompa,353417,0.19
270324,Chompa,459632,0.19
498560,Blue Jean,470932,0.19
215705,Sudadera,345809,0.19
383467,Sudadera,198653,0.19
473377,Pantalon,228093,0.19
44106,Pantalon,367135,0.19
2764,Sudadera,489827,0.19
275637,Blue Jean,294091,0.19
127553,Blue Jean,191104,0.19
80871,Camisa,316644,0.19
69535,Camisa,270588,0.19
339673,Sudadera,326033,0.19
235108,Blue Jean,463627,0.19
131026,Sudadera,557425,0.19
163104,Blue Jean,321706,0.19
366172,Sudadera,263728,0.19
303578,Blue Jean,257397,0.19
79029,Chompa,553246,0.19
252318,Blue Jean,367690,0.19
299892,Blue Jean,397535,0.19
212042,Sudadera,539239,0.19
376284,Pantalon,152810,0.19
224843,Blue Jean,349841,0.19
375294,Sudadera,550987,0.19
481743,Sudadera,422054,0.19
105490,Chompa,456706,0.19
47987,Camisa,431219,0.19
470428,Pantalon,484962,0.19
491541,Camisa,166064,0.19
254490,Blue Jean,255092,0.19
333383,Pantalon,345372,0.19
464809,Blue Jean,399029,0.19
273578,Chompa,523835,0.19
231337,Sudadera,558630,0.19
9554,Chompa,233326,0.19
372520,Pantalon,417601,0.19
305785,Sudadera,367233,0.19
265834,Chompa,175820,0.19
430389,Blue Jean,157182,0.19
182471,Sudadera,493940,0.19
128421,Sudadera,251479,0.19
207735,Camisa,405827,0.19
151160,Chompa,481531,0.19
467417,Camisa,356638,0.19
195691,Camisa,531862,0.19
110356,Camisa,462403,0.19
221789,Blue Jean,259714,0.19
238919,Blue Jean,217867,0.19
280610,Blue Jean,218897,0.19
184603,Blue Jean,392179,0.19
132271,Sudadera,542547,0.19
466638,Camisa,453116,0.19
364182,Pantalon,535983,0.19
81316,Pantalon,185469,0.19
462307,Camisa,553984,0.19
325910,Blue Jean,353792,0.19
421222,Camisa,264010,0.19
439798,Pantalon,255495,0.19
215933,Blue Jean,272269,0.19
342533,Chompa,493711,0.19
147401,Pantalon,168146,0.19
163010,Blue Jean,567964,0.19
416138,Camisa,436875,0.19
394311,Camisa,509849,0.19
365702,Camisa,185866,0.19
79409,Sudadera,296758,0.19
123165,Blue Jean,323989,0.19
161639,Camisa,299534,0.19
341181,Camisa,330765,0.19
283689,Blue Jean,205222,0.19
493293,Chompa,271002,0.19
152704,Sudadera,436494,0.19
88865,Camisa,452068,0.19
15262,Sudadera,597452,0.19
318387,Pantalon,361438,0.19
96772,Sudadera,390280,0.19
297478,Pantalon,404637,0.19
215233,Pantalon,299669,0.19
38807,Camisa,226580,0.19
381219,Sudadera,190072,0.19
75860,Camisa,279530,0.19
295462,Blue Jean,201916,0.19
299852,Sudadera,236623,0.19
331933,Pantalon,391096,0.19
263952,Chompa,315735,0.19
132110,Camisa,273256,0.19
171153,Blue Jean,445368,0.19
409855,Blue Jean,572191,0.19
136711,Blue Jean,444403,0.19
473898,Blue Jean,321099,0.19
112464,Chompa,405716,0.19
433642,Chompa,386325,0.19
4413,Blue Jean,198881,0.19
465826,Camisa,373139,0.19
432793,Blue Jean,479640,0.19
358064,Chompa,274883,0.19
489806,Sudadera,348111,0.19
238865,Sudadera,174455,0.19
229677,Pantalon,190405,0.19
491567,Camisa,307207,0.19
10010,Pantalon,515217,0.19
226366,Chompa,504743,0.19
180433,Pantalon,402645,0.19
211263,Chompa,542046,0.19
167710,Chompa,342027,0.19
412421,Camisa,385184,0.19
481267,Camisa,158220,0.19
133828,Pantalon,501692,0.19
262439,Chompa,427842,0.19
91171,Pantalon,478379,0.19
419227,Camisa,435724,0.19
79796,Blue Jean,222963,0.19
368453,Pantalon,364355,0.19
437969,Chompa,492105,0.19
432366,Sudadera,237309,0.19
201382,Blue Jean,532526,0.19
475767,Camisa,198177,0.19
490429,Chompa,506148,0.19
113236,Pantalon,233795,0.19
98543,Chompa,303249,0.19
255857,Pantalon,168066,0.19
331205,Camisa,418067,0.19
435957,Camisa,177464,0.19
391041,Chompa,412689,0.19
111708,Chompa,433492,0.19
398906,Camisa,452076,0.19
374331,Blue Jean,584725,0.19
356909,Pantalon,201163,0.19
438470,Camisa,466594,0.19
342636,Sudadera,432109,0.19
232070,Blue Jean,480805,0.19
164818,Camisa,562126,0.19
60024,Chompa,575451,0.19
298713,Camisa,413373,0.19
405257,Pantalon,425500,0.19
248066,Pantalon,433668,0.19
188445,Sudadera,594162,0.19
294414,Blue Jean,414165,0.19
353720,Blue Jean,234314,0.19
311044,Chompa,304643,0.19
289017,Sudadera,351598,0.19
44292,Sudadera,569425,0.19
116278,Sudadera,342014,0.19
143418,Chompa,316102,0.19
484025,Chompa,443913,0.19
144430,Camisa,221299,0.19
26304,Camisa,373878,0.19
385955,Pantalon,250009,0.19
138450,Pantalon,505608,0.19
215181,Camisa,435473,0.19
392217,Sudadera,161819,0.19
250978,Blue Jean,390046,0.19
293940,Camisa,478510,0.19
26912,Pantalon,252639,0.19
399150,Chompa,322716,0.19
387249,Chompa,562996,0.19
295259,Blue Jean,512287,0.19
163278,Sudadera,192566,0.19
21010,Chompa,481705,0.19
55811,Pantalon,400321,0.19
347351,Camisa,315244,0.19
428344,Sudadera,448738,0.19
218332,Blue Jean,291151,0.19
269161,Blue Jean,330632,0.19
324718,Sudadera,592996,0.19
4406,Camisa,247766,0.19
121944,Chompa,304515,0.19
340647,Blue Jean,155790,0.19
429528,Chompa,520983,0.19
283239,Chompa,570199,0.19
174552,Sudadera,408219,0.19
374568,Pantalon,352998,0.19
434693,Chompa,391324,0.19
204124,Chompa,357364,0.19
439863,Pantalon,189796,0.19
140369,Blue Jean,580637,0.19
485367,Sudadera,357613,0.19
319352,Sudadera,505869,0.19
76597,Pantalon,457277,0.19
282793,Camisa,313003,0.19
10929,Pantalon,368795,0.19
116997,Pantalon,247190,0.19
91878,Chompa,377887,0.19
481566,Chompa,189686,0.19
292440,Camisa,291782,0.19
446277,Pantalon,270471,0.19
94116,Pantalon,420031,0.19
339414,Sudadera,568762,0.19
152418,Chompa,407418,0.19
243993,Sudadera,368705,0.19
292919,Pantalon,197334,0.19
327117,Blue Jean,320808,0.19
49996,Pantalon,445244,0.19
394873,Chompa,307066,0.19
452053,Sudadera,395312,0.19
475407,Pantalon,234198,0.19
125439,Sudadera,326360,0.19
439808,Camisa,477619,0.19
34107,Sudadera,265004,0.19
414509,Chompa,455421,0.19
157578,Blue Jean,575918,0.19
180751,Camisa,454437,0.19
177577,Blue Jean,380271,0.19
477876,Blue Jean,549159,0.19
102608,Pantalon,320241,0.19
496566,Blue Jean,211986,0.19
247694,Camisa,239697,0.19
181888,Pantalon,228379,0.19
310140,Sudadera,493520,0.19
70354,Camisa,172064,0.19
120744,Chompa,529110,0.19
27642,Sudadera,532111,0.19
43573,Sudadera,549155,0.19
10567,Blue Jean,347647,0.19
190095,Blue Jean,201841,0.19
148423,Blue Jean,340696,0.19
180135,Sudadera,479034,0.19
467653,Camisa,181788,0.19
110689,Blue Jean,507038,0.19
337943,Blue Jean,304156,0.19
15925,Camisa,307984,0.19
160930,Blue Jean,380397,0.19
122446,Chompa,196757,0.19
189754,Pantalon,483453,0.19
276634,Blue Jean,372923,0.19
220635,Blue Jean,167388,0.19
482304,Chompa,405464,0.19
349993,Pantalon,595749,0.19
406443,Camisa,507124,0.19
262953,Sudadera,438168,0.19
72217,Camisa,433251,0.19
260161,Camisa,418946,0.19
327798,Sudadera,519578,0.19
194678,Chompa,483483,0.19
358439,Blue Jean,569329,0.19
7370,Camisa,238980,0.19
34929,Chompa,277121,0.19
203156,Sudadera,173387,0.19
145283,Chompa,463516,0.19
469317,Blue Jean,245151,0.19
93767,Camisa,536932,0.19
263744,Pantalon,357796,0.19
246737,Pantalon,437978,0.19
226359,Blue Jean,273274,0.19
51569,Camisa,416679,0.19
91479,Pantalon,169623,0.19
419205,Camisa,230585,0.19
107594,Blue Jean,584287,0.19
471748,Pantalon,597529,0.19
436158,Sudadera,328504,0.19
361656,Camisa,507031,0.19
458305,Blue Jean,275044,0.19
298005,Camisa,520012,0.19
215912,Sudadera,447297,0.19
125669,Blue Jean,325063,0.19
221521,Blue Jean,530704,0.19
428985,Camisa,180155,0.19
442438,Sudadera,358519,0.19
110907,Camisa,226013,0.19
475740,Blue Jean,445727,0.19
44872,Sudadera,204285,0.19
404344,Camisa,350438,0.19
464678,Sudadera,484493,0.19
187303,Blue Jean,531044,0.19
482417,Blue Jean,307992,0.19
57603,Camisa,273750,0.19
253779,Blue Jean,328378,0.19
64071,Pantalon,237285,0.19
483318,Camisa,357610,0.19
323248,Sudadera,367213,0.19
312014,Blue Jean,320586,0.19
347715,Camisa,582396,0.19
72484,Blue Jean,249395,0.19
3191,Pantalon,362036,0.19
408362,Chompa,468380,0.19
463694,Chompa,193613,0.19
21929,Pantalon,234015,0.19
235508,Sudadera,573259,0.19
209817,Camisa,163539,0.19
212225,Pantalon,432624,0.19
363430,Sudadera,488175,0.19
353774,Camisa,450108,0.19
468189,Camisa,220609,0.19
201802,Sudadera,272717,0.19
33296,Blue Jean,194827,0.19
283466,Sudadera,404362,0.19
117010,Sudadera,319542,0.19
400412,Blue Jean,176629,0.19
264597,Sudadera,461437,0.19
57153,Sudadera,420447,0.19
203990,Sudadera,589130,0.19
438112,Blue Jean,276543,0.19
3540,Chompa,174557,0.19
469535,Blue Jean,196322,0.19
493064,Chompa,297995,0.19
63580,Camisa,495111,0.19
35572,Chompa,526336,0.19
29886,Camisa,444062,0.19
492248,Sudadera,578316,0.19
99834,Chompa,275448,0.19
376406,Pantalon,207370,0.19
323209,Pantalon,387975,0.19
43757,Blue Jean,408078,0.19
40138,Sudadera,311332,0.19
92422,Chompa,397509,0.19
428483,Camisa,272057,0.19
320284,Sudadera,266554,0.19
290939,Pantalon,323097,0.19
48076,Blue Jean,169935,0.19
417767,Blue Jean,400010,0.19
332506,Chompa,492216,0.19
383157,Sudadera,404334,0.19
222523,Blue Jean,154795,0.19
296231,Blue Jean,308989,0.19
448793,Blue Jean,516477,0.19
382641,Blue Jean,560778,0.19
183987,Pantalon,256311,0.19
173872,Camisa,454867,0.19
173449,Camisa,471400,0.19
343996,Chompa,440628,0.19
364421,Pantalon,367527,0.19
466038,Sudadera,291209,0.19
32163,Chompa,593260,0.19
213566,Camisa,421479,0.19
249440,Sudadera,232321,0.19
8264,Pantalon,561357,0.19
61472,Camisa,531562,0.19
31705,Chompa,155475,0.19
160220,Blue Jean,421305,0.19
417826,Camisa,279065,0.19
134924,Sudadera,160355,0.19
220182,Sudadera,162496,0.19
470975,Blue Jean,240272,0.19
322032,Blue Jean,492215,0.19
433092,Chompa,211284,0.19
95020,Pantalon,555821,0.19
72954,Sudadera,379629,0.19
94930,Blue Jean,400493,0.19
465750,Camisa,241028,0.19
461866,Pantalon,571990,0.19
113183,Chompa,235635,0.19
285417,Blue Jean,157508,0.19
375782,Blue Jean,353000,0.19
463455,Sudadera,261814,0.19
11539,Pantalon,407089,0.19
472513,Pantalon,335600,0.19
228189,Sudadera,285450,0.19
234996,Sudadera,492972,0.19
164185,Sudadera,256300,0.19
192930,Chompa,594059,0.19
74471,Blue Jean,481871,0.19
212031,Sudadera,269178,0.19
128213,Pantalon,348353,0.19
394181,Chompa,552001,0.19
399363,Camisa,530421,0.19
204083,Sudadera,294004,0.19
220467,Sudadera,487617,0.19
203649,Chompa,237980,0.19
49157,Chompa,565505,0.19
269558,Sudadera,278317,0.19
354726,Chompa,518768,0.19
18478,Sudadera,341413,0.19
93091,Sudadera,240001,0.19
450672,Sudadera,269669,0.19
423333,Blue Jean,242409,0.19
242638,Chompa,190517,0.19
317190,Blue Jean,572902,0.19
125331,Camisa,190783,0.19
423819,Blue Jean,539810,0.19
179405,Blue Jean,584990,0.19
353260,Pantalon,235826,0.19
12054,Camisa,552134,0.19
160272,Camisa,255066,0.19
226149,Chompa,237426,0.19
234172,Camisa,420419,0.19
321443,Sudadera,584384,0.19
461831,Camisa,314568,0.19
399420,Camisa,216490,0.19
252083,Chompa,358711,0.19
149337,Blue Jean,382942,0.19
172583,Blue Jean,406706,0.19
247339,Sudadera,471498,0.19
287075,Camisa,504447,0.19
301785,Camisa,290930,0.19
135990,Blue Jean,507058,0.19
126020,Chompa,548832,0.19
150877,Blue Jean,232604,0.19
31645,Chompa,581730,0.19
287182,Camisa,166604,0.19
188589,Chompa,362853,0.19
315587,Blue Jean,361450,0.19
392951,Blue Jean,578315,0.19
428630,Camisa,464977,0.19
314638,Sudadera,187063,0.19
317101,Pantalon,499149,0.19
341586,Pantalon,497853,0.19
485760,Chompa,165107,0.19
58956,Camisa,466119,0.19
75284,Pantalon,311874,0.19
183191,Camisa,364783,0.19
492393,Pantalon,397131,0.19
207023,Sudadera,565444,0.19
226260,Sudadera,358824,0.19
158482,Sudadera,324239,0.19
275393,Camisa,246493,0.19
77010,Blue Jean,492581,0.19
215246,Camisa,242456,0.19
359166,Sudadera,187700,0.19
391870,Pantalon,540932,0.19
262529,Sudadera,269430,0.19
176577,Chompa,274287,0.19
388544,Pantalon,418308,0.19
412622,Chompa,388452,0.19
108175,Camisa,455685,0.19
380821,Pantalon,320514,0.19
34656,Camisa,224830,0.19
224149,Pantalon,438913,0.19
244131,Camisa,317490,0.19
238337,Pantalon,264911,0.19
130859,Chompa,315865,0.19
369713,Blue Jean,364400,0.19
459363,Sudadera,198586,0.19
313344,Sudadera,484495,0.19
146745,Chompa,317262,0.19
461149,Chompa,532507,0.19
260117,Blue Jean,166941,0.19
385319,Camisa,325034,0.19
191627,Pantalon,421925,0.19
31829,Sudadera,357389,0.19
118934,Chompa,410245,0.19
19302,Chompa,494044,0.19
68997,Blue Jean,431535,0.19
452927,Camisa,377767,0.19
107759,Sudadera,326449,0.19
30068,Sudadera,336372,0.19
194152,Pantalon,462575,0.19
48320,Camisa,177514,0.19
399567,Pantalon,555388,0.19
309888,Chompa,215754,0.19
49792,Chompa,170877,0.19
33457,Blue Jean,482123,0.19
296891,Pantalon,292860,0.19
69728,Chompa,408602,0.19
170022,Camisa,438233,0.19
150185,Sudadera,202476,0.19
490615,Pantalon,315384,0.19
278295,Chompa,398449,0.19
468227,Chompa,559903,0.19
353436,Chompa,294187,0.19
322033,Blue Jean,489359,0.19
6342,Blue Jean,181936,0.19
54034,Sudadera,266499,0.19
184630,Pantalon,354735,0.19
411363,Chompa,398757,0.19
360462,Blue Jean,461453,0.19
461530,Camisa,367319,0.19
136690,Pantalon,213096,0.19
237763,Camisa,379346,0.19
312634,Chompa,157082,0.19
69910,Pantalon,359745,0.19
428700,Blue Jean,240430,0.19
55646,Camisa,367050,0.19
401603,Chompa,415476,0.19
64872,Sudadera,162955,0.19
289238,Chompa,516817,0.19
198334,Blue Jean,524649,0.19
251940,Camisa,179283,0.19
497090,Blue Jean,294524,0.19
217324,Pantalon,524110,0.19
236069,Chompa,402897,0.19
38938,Blue Jean,232912,0.19
273702,Chompa,197437,0.19
457480,Sudadera,435157,0.19
231638,Sudadera,351103,0.19
459960,Camisa,499777,0.19
443679,Chompa,383941,0.19
412004,Blue Jean,299894,0.19
257499,Camisa,499320,0.19
11122,Camisa,489059,0.19
59311,Pantalon,260891,0.19
104464,Camisa,555489,0.19
277443,Sudadera,300236,0.19
53581,Chompa,470887,0.19
122510,Pantalon,257483,0.19
475167,Pantalon,344341,0.19
19833,Blue Jean,181539,0.19
251564,Blue Jean,406317,0.19
479359,Chompa,282388,0.19
362430,Sudadera,542210,0.19
326540,Pantalon,552124,0.19
280150,Pantalon,410551,0.19
44588,Chompa,405917,0.19
441812,Chompa,404818,0.19
488838,Chompa,435828,0.19
292501,Pantalon,232138,0.19
314893,Blue Jean,246295,0.19
371499,Blue Jean,242622,0.19
491173,Sudadera,353481,0.19
80197,Chompa,554869,0.19
345051,Chompa,525867,0.19
293698,Camisa,516773,0.19
306674,Pantalon,414025,0.19
79645,Pantalon,488650,0.19
305077,Sudadera,584871,0.19
327881,Blue Jean,574647,0.19
275822,Camisa,487004,0.19
419054,Sudadera,407534,0.19
465809,Pantalon,576521,0.19
